mention,freq,filename
Walter,175,DEU073_Schicksale_einer_Seele.txt.tsv
Arnold,57,DEU073_Schicksale_einer_Seele.txt.tsv
Charlotte,34,DEU073_Schicksale_einer_Seele.txt.tsv
Traut,30,DEU073_Schicksale_einer_Seele.txt.tsv
Adalbert,28,DEU073_Schicksale_einer_Seele.txt.tsv
Marlene,21,DEU073_Schicksale_einer_Seele.txt.tsv
Wolf Brant,15,DEU073_Schicksale_einer_Seele.txt.tsv
Gott,12,DEU073_Schicksale_einer_Seele.txt.tsv
Alice,11,DEU073_Schicksale_einer_Seele.txt.tsv
Walterchen,11,DEU073_Schicksale_einer_Seele.txt.tsv
Philomela,11,DEU073_Schicksale_einer_Seele.txt.tsv
Helena,10,DEU073_Schicksale_einer_Seele.txt.tsv
Wilhelm,9,DEU073_Schicksale_einer_Seele.txt.tsv
Pierrot,8,DEU073_Schicksale_einer_Seele.txt.tsv
Erich,7,DEU073_Schicksale_einer_Seele.txt.tsv
traut,6,DEU073_Schicksale_einer_Seele.txt.tsv
Pierrette,6,DEU073_Schicksale_einer_Seele.txt.tsv
Julie,5,DEU073_Schicksale_einer_Seele.txt.tsv
August,5,DEU073_Schicksale_einer_Seele.txt.tsv
Lina,5,DEU073_Schicksale_einer_Seele.txt.tsv
Veronika,5,DEU073_Schicksale_einer_Seele.txt.tsv
Auguste,5,DEU073_Schicksale_einer_Seele.txt.tsv
Fräulein Claus,5,DEU073_Schicksale_einer_Seele.txt.tsv
Madonna,5,DEU073_Schicksale_einer_Seele.txt.tsv
Mignon,4,DEU073_Schicksale_einer_Seele.txt.tsv
Klärchen,4,DEU073_Schicksale_einer_Seele.txt.tsv
Paulinchen,4,DEU073_Schicksale_einer_Seele.txt.tsv
Göthe,4,DEU073_Schicksale_einer_Seele.txt.tsv
Jesus,4,DEU073_Schicksale_einer_Seele.txt.tsv
Bettina,4,DEU073_Schicksale_einer_Seele.txt.tsv
Helene Bucher,4,DEU073_Schicksale_einer_Seele.txt.tsv
-,4,DEU073_Schicksale_einer_Seele.txt.tsv
Vetter Erich,4,DEU073_Schicksale_einer_Seele.txt.tsv
Jesu Christi,4,DEU073_Schicksale_einer_Seele.txt.tsv
Sphynx,4,DEU073_Schicksale_einer_Seele.txt.tsv
Elfriede,3,DEU073_Schicksale_einer_Seele.txt.tsv
Napoleon,3,DEU073_Schicksale_einer_Seele.txt.tsv
Tante Berthel,3,DEU073_Schicksale_einer_Seele.txt.tsv
Schiller,3,DEU073_Schicksale_einer_Seele.txt.tsv
Eduard,3,DEU073_Schicksale_einer_Seele.txt.tsv
Consuelo,3,DEU073_Schicksale_einer_Seele.txt.tsv
Moritz,3,DEU073_Schicksale_einer_Seele.txt.tsv
Walter Bucher,3,DEU073_Schicksale_einer_Seele.txt.tsv
Lessing,3,DEU073_Schicksale_einer_Seele.txt.tsv
Bertha,3,DEU073_Schicksale_einer_Seele.txt.tsv
Frau Bronowski,3,DEU073_Schicksale_einer_Seele.txt.tsv
Charlotten,3,DEU073_Schicksale_einer_Seele.txt.tsv
Hamlet,3,DEU073_Schicksale_einer_Seele.txt.tsv
Gräfin Virginia,3,DEU073_Schicksale_einer_Seele.txt.tsv
Jesu,3,DEU073_Schicksale_einer_Seele.txt.tsv
Roth,3,DEU073_Schicksale_einer_Seele.txt.tsv
Todt,3,DEU073_Schicksale_einer_Seele.txt.tsv
Maria,3,DEU073_Schicksale_einer_Seele.txt.tsv
Philomele,2,DEU073_Schicksale_einer_Seele.txt.tsv
Egbert,2,DEU073_Schicksale_einer_Seele.txt.tsv
Schwester Alice,2,DEU073_Schicksale_einer_Seele.txt.tsv
Goethe,2,DEU073_Schicksale_einer_Seele.txt.tsv
Egmont,2,DEU073_Schicksale_einer_Seele.txt.tsv
Freundin Pauline,2,DEU073_Schicksale_einer_Seele.txt.tsv
Frau Buschberg,2,DEU073_Schicksale_einer_Seele.txt.tsv
Herr Schulze,2,DEU073_Schicksale_einer_Seele.txt.tsv
Schulze,2,DEU073_Schicksale_einer_Seele.txt.tsv
Heine,2,DEU073_Schicksale_einer_Seele.txt.tsv
George Sand,2,DEU073_Schicksale_einer_Seele.txt.tsv
Herder,2,DEU073_Schicksale_einer_Seele.txt.tsv
Mephisto,2,DEU073_Schicksale_einer_Seele.txt.tsv
Staffage,2,DEU073_Schicksale_einer_Seele.txt.tsv
Byron,2,DEU073_Schicksale_einer_Seele.txt.tsv
Lohengrin,2,DEU073_Schicksale_einer_Seele.txt.tsv
Bacchus,2,DEU073_Schicksale_einer_Seele.txt.tsv
Anna,2,DEU073_Schicksale_einer_Seele.txt.tsv
Jette,2,DEU073_Schicksale_einer_Seele.txt.tsv
Schopenhauer,2,DEU073_Schicksale_einer_Seele.txt.tsv
Satan,2,DEU073_Schicksale_einer_Seele.txt.tsv
Aspasia,2,DEU073_Schicksale_einer_Seele.txt.tsv
Vatchen,2,DEU073_Schicksale_einer_Seele.txt.tsv
Pythia,2,DEU073_Schicksale_einer_Seele.txt.tsv
Virginia Dürer,2,DEU073_Schicksale_einer_Seele.txt.tsv
Charlotte von Krüger,2,DEU073_Schicksale_einer_Seele.txt.tsv
Rahel,2,DEU073_Schicksale_einer_Seele.txt.tsv
Frau Doris,2,DEU073_Schicksale_einer_Seele.txt.tsv
Lisi,2,DEU073_Schicksale_einer_Seele.txt.tsv
Michel Angelo,2,DEU073_Schicksale_einer_Seele.txt.tsv
Moses,2,DEU073_Schicksale_einer_Seele.txt.tsv
Prasset,2,DEU073_Schicksale_einer_Seele.txt.tsv
Christi,2,DEU073_Schicksale_einer_Seele.txt.tsv
Jason,2,DEU073_Schicksale_einer_Seele.txt.tsv
Marleneken,2,DEU073_Schicksale_einer_Seele.txt.tsv
Sibilla Dalmare,1,DEU073_Schicksale_einer_Seele.txt.tsv
Marlen,1,DEU073_Schicksale_einer_Seele.txt.tsv
Columbus,1,DEU073_Schicksale_einer_Seele.txt.tsv
Pharao,1,DEU073_Schicksale_einer_Seele.txt.tsv
Benjamin,1,DEU073_Schicksale_einer_Seele.txt.tsv
Fritzchen,1,DEU073_Schicksale_einer_Seele.txt.tsv
Prinzessin Vergißmeinnicht,1,DEU073_Schicksale_einer_Seele.txt.tsv
Prinz Rittersporn,1,DEU073_Schicksale_einer_Seele.txt.tsv
Prinzeßchen Vergißmeinnicht,1,DEU073_Schicksale_einer_Seele.txt.tsv
Wilhelm Tell,1,DEU073_Schicksale_einer_Seele.txt.tsv
Don Carlos,1,DEU073_Schicksale_einer_Seele.txt.tsv
Herzog Alba,1,DEU073_Schicksale_einer_Seele.txt.tsv
Dubslav,241,DEU066_Der_Stechlin.txt.tsv
Woldemar,240,DEU066_Der_Stechlin.txt.tsv
Czako,163,DEU066_Der_Stechlin.txt.tsv
Rex,157,DEU066_Der_Stechlin.txt.tsv
Lorenz,145,DEU066_Der_Stechlin.txt.tsv
Engelke,144,DEU066_Der_Stechlin.txt.tsv
Melusine,139,DEU066_Der_Stechlin.txt.tsv
Armgard,111,DEU066_Der_Stechlin.txt.tsv
Stechlin,72,DEU066_Der_Stechlin.txt.tsv
Herr von Stechlin,67,DEU066_Der_Stechlin.txt.tsv
Wrschowitz,52,DEU066_Der_Stechlin.txt.tsv
Gundermann,47,DEU066_Der_Stechlin.txt.tsv
Adelheid,47,DEU066_Der_Stechlin.txt.tsv
Katzler,46,DEU066_Der_Stechlin.txt.tsv
Koseleger,43,DEU066_Der_Stechlin.txt.tsv
Agnes,36,DEU066_Der_Stechlin.txt.tsv
Uncke,35,DEU066_Der_Stechlin.txt.tsv
Krippenstapel,26,DEU066_Der_Stechlin.txt.tsv
Schmargendorf,25,DEU066_Der_Stechlin.txt.tsv
Sponholz,25,DEU066_Der_Stechlin.txt.tsv
Frau von Gundermann,24,DEU066_Der_Stechlin.txt.tsv
Ermyntrud,24,DEU066_Der_Stechlin.txt.tsv
Frau Imme,23,DEU066_Der_Stechlin.txt.tsv
Tante Adelheid,21,DEU066_Der_Stechlin.txt.tsv
Jeserich,21,DEU066_Der_Stechlin.txt.tsv
Cujacius,21,DEU066_Der_Stechlin.txt.tsv
Martin,20,DEU066_Der_Stechlin.txt.tsv
Molchow,19,DEU066_Der_Stechlin.txt.tsv
Herr von Rex,16,DEU066_Der_Stechlin.txt.tsv
Lizzi,16,DEU066_Der_Stechlin.txt.tsv
Hedwig,16,DEU066_Der_Stechlin.txt.tsv
Barbys,15,DEU066_Der_Stechlin.txt.tsv
Fritz,14,DEU066_Der_Stechlin.txt.tsv
-,14,DEU066_Der_Stechlin.txt.tsv
Barby,14,DEU066_Der_Stechlin.txt.tsv
Herr von Czako,13,DEU066_Der_Stechlin.txt.tsv
Robinson,13,DEU066_Der_Stechlin.txt.tsv
Hartwig,13,DEU066_Der_Stechlin.txt.tsv
Doktor Wrschowitz,13,DEU066_Der_Stechlin.txt.tsv
Rolf Krake,13,DEU066_Der_Stechlin.txt.tsv
Baruch,12,DEU066_Der_Stechlin.txt.tsv
Pastor Lorenz,11,DEU066_Der_Stechlin.txt.tsv
Fix,11,DEU066_Der_Stechlin.txt.tsv
Baron Beetz,11,DEU066_Der_Stechlin.txt.tsv
Torgelow,11,DEU066_Der_Stechlin.txt.tsv
Karline,11,DEU066_Der_Stechlin.txt.tsv
Schwester Adelheid,10,DEU066_Der_Stechlin.txt.tsv
Gräfin Melusine,10,DEU066_Der_Stechlin.txt.tsv
Kortschädel,9,DEU066_Der_Stechlin.txt.tsv
Freund Stechlin,9,DEU066_Der_Stechlin.txt.tsv
Papa,9,DEU066_Der_Stechlin.txt.tsv
Schickedanz,9,DEU066_Der_Stechlin.txt.tsv
Pyterke,9,DEU066_Der_Stechlin.txt.tsv
Kluckhuhn,9,DEU066_Der_Stechlin.txt.tsv
Pusch,9,DEU066_Der_Stechlin.txt.tsv
Freund Woldemar,8,DEU066_Der_Stechlin.txt.tsv
Baruch Hirschfeld,8,DEU066_Der_Stechlin.txt.tsv
Bismarck,7,DEU066_Der_Stechlin.txt.tsv
Isidor,7,DEU066_Der_Stechlin.txt.tsv
Rudolf,7,DEU066_Der_Stechlin.txt.tsv
Rentmeister Fix,7,DEU066_Der_Stechlin.txt.tsv
Schimonski,7,DEU066_Der_Stechlin.txt.tsv
Ghiberti,7,DEU066_Der_Stechlin.txt.tsv
Mister Robinson,7,DEU066_Der_Stechlin.txt.tsv
Joao de Deus,7,DEU066_Der_Stechlin.txt.tsv
Frommel,7,DEU066_Der_Stechlin.txt.tsv
Greeley,7,DEU066_Der_Stechlin.txt.tsv
Alexander,6,DEU066_Der_Stechlin.txt.tsv
Triglaff,6,DEU066_Der_Stechlin.txt.tsv
Thormeyer,6,DEU066_Der_Stechlin.txt.tsv
Lilli,6,DEU066_Der_Stechlin.txt.tsv
Susan,6,DEU066_Der_Stechlin.txt.tsv
Doktor Pusch,6,DEU066_Der_Stechlin.txt.tsv
Moscheles,6,DEU066_Der_Stechlin.txt.tsv
Mamsell Pritzbur,6,DEU066_Der_Stechlin.txt.tsv
Brose,5,DEU066_Der_Stechlin.txt.tsv
Herr von Gundermann,5,DEU066_Der_Stechlin.txt.tsv
Lorenzen,5,DEU066_Der_Stechlin.txt.tsv
Freund Czako,5,DEU066_Der_Stechlin.txt.tsv
Superintendent Koseleger,5,DEU066_Der_Stechlin.txt.tsv
Herr Rittmeister,5,DEU066_Der_Stechlin.txt.tsv
Comtesse,5,DEU066_Der_Stechlin.txt.tsv
Imme,5,DEU066_Der_Stechlin.txt.tsv
Schulze Kluckhuhn,5,DEU066_Der_Stechlin.txt.tsv
Bebel,5,DEU066_Der_Stechlin.txt.tsv
Elfriede,5,DEU066_Der_Stechlin.txt.tsv
Herr Major,5,DEU066_Der_Stechlin.txt.tsv
Baron Planta,5,DEU066_Der_Stechlin.txt.tsv
Dubslav von Stechlin,4,DEU066_Der_Stechlin.txt.tsv
Oberförster Katzler,4,DEU066_Der_Stechlin.txt.tsv
Czakos,4,DEU066_Der_Stechlin.txt.tsv
Wilhelm,4,DEU066_Der_Stechlin.txt.tsv
Wrangel,4,DEU066_Der_Stechlin.txt.tsv
Hauptmann Czako,4,DEU066_Der_Stechlin.txt.tsv
Baronin Berchtesgaden,4,DEU066_Der_Stechlin.txt.tsv
Comtesse Armgard,4,DEU066_Der_Stechlin.txt.tsv
Riekchen,4,DEU066_Der_Stechlin.txt.tsv
Niels,4,DEU066_Der_Stechlin.txt.tsv
Frau Kulicke,4,DEU066_Der_Stechlin.txt.tsv
Christus,4,DEU066_Der_Stechlin.txt.tsv
Margarita,97,DEU007_Die_Mappe_meines_Urgroßvaters.txt.tsv
Thomas,42,DEU007_Die_Mappe_meines_Urgroßvaters.txt.tsv
Gott,9,DEU007_Die_Mappe_meines_Urgroßvaters.txt.tsv
Maria,7,DEU007_Die_Mappe_meines_Urgroßvaters.txt.tsv
Bube Thomas,6,DEU007_Die_Mappe_meines_Urgroßvaters.txt.tsv
Gottlieb,6,DEU007_Die_Mappe_meines_Urgroßvaters.txt.tsv
Katharina,5,DEU007_Die_Mappe_meines_Urgroßvaters.txt.tsv
Thoma,5,DEU007_Die_Mappe_meines_Urgroßvaters.txt.tsv
Vetter Martin,5,DEU007_Die_Mappe_meines_Urgroßvaters.txt.tsv
Vetter Rudolph,5,DEU007_Die_Mappe_meines_Urgroßvaters.txt.tsv
Margaretha,4,DEU007_Die_Mappe_meines_Urgroßvaters.txt.tsv
Lucia,4,DEU007_Die_Mappe_meines_Urgroßvaters.txt.tsv
Kajetan,4,DEU007_Die_Mappe_meines_Urgroßvaters.txt.tsv
Egesippus,3,DEU007_Die_Mappe_meines_Urgroßvaters.txt.tsv
Meilhauer,3,DEU007_Die_Mappe_meines_Urgroßvaters.txt.tsv
Knecht Thomas,3,DEU007_Die_Mappe_meines_Urgroßvaters.txt.tsv
Rudolph,3,DEU007_Die_Mappe_meines_Urgroßvaters.txt.tsv
Wirt Bernsteiner,3,DEU007_Die_Mappe_meines_Urgroßvaters.txt.tsv
Augustinus,2,DEU007_Die_Mappe_meines_Urgroßvaters.txt.tsv
Sara,2,DEU007_Die_Mappe_meines_Urgroßvaters.txt.tsv
Casimir Uhldom,2,DEU007_Die_Mappe_meines_Urgroßvaters.txt.tsv
Martin,2,DEU007_Die_Mappe_meines_Urgroßvaters.txt.tsv
Keum Anna,2,DEU007_Die_Mappe_meines_Urgroßvaters.txt.tsv
Bube Gottlieb,2,DEU007_Die_Mappe_meines_Urgroßvaters.txt.tsv
Knabe Gottlieb,2,DEU007_Die_Mappe_meines_Urgroßvaters.txt.tsv
Josikrämer,2,DEU007_Die_Mappe_meines_Urgroßvaters.txt.tsv
Tochter Margarita,2,DEU007_Die_Mappe_meines_Urgroßvaters.txt.tsv
Pirling,2,DEU007_Die_Mappe_meines_Urgroßvaters.txt.tsv
Mechtild,1,DEU007_Die_Mappe_meines_Urgroßvaters.txt.tsv
Bernsteiner,1,DEU007_Die_Mappe_meines_Urgroßvaters.txt.tsv
Grafen Uhldom,1,DEU007_Die_Mappe_meines_Urgroßvaters.txt.tsv
Waldstein,1,DEU007_Die_Mappe_meines_Urgroßvaters.txt.tsv
König Ludwig,1,DEU007_Die_Mappe_meines_Urgroßvaters.txt.tsv
Herr Armand Pelton,1,DEU007_Die_Mappe_meines_Urgroßvaters.txt.tsv
Graf Casimir Uhldom,1,DEU007_Die_Mappe_meines_Urgroßvaters.txt.tsv
Hirtenbube Thomas,1,DEU007_Die_Mappe_meines_Urgroßvaters.txt.tsv
Josepha,1,DEU007_Die_Mappe_meines_Urgroßvaters.txt.tsv
Josi,1,DEU007_Die_Mappe_meines_Urgroßvaters.txt.tsv
Schwester Katharina,1,DEU007_Die_Mappe_meines_Urgroßvaters.txt.tsv
Haushälterin Maria,1,DEU007_Die_Mappe_meines_Urgroßvaters.txt.tsv
Klum,1,DEU007_Die_Mappe_meines_Urgroßvaters.txt.tsv
Kumberger Franz,1,DEU007_Die_Mappe_meines_Urgroßvaters.txt.tsv
-,1,DEU007_Die_Mappe_meines_Urgroßvaters.txt.tsv
Christine,1,DEU007_Die_Mappe_meines_Urgroßvaters.txt.tsv
Magd,1,DEU007_Die_Mappe_meines_Urgroßvaters.txt.tsv
Maria Harten,1,DEU007_Die_Mappe_meines_Urgroßvaters.txt.tsv
Mechthild,1,DEU007_Die_Mappe_meines_Urgroßvaters.txt.tsv
Haidelis,1,DEU007_Die_Mappe_meines_Urgroßvaters.txt.tsv
Susanna,1,DEU007_Die_Mappe_meines_Urgroßvaters.txt.tsv
Hanna,1,DEU007_Die_Mappe_meines_Urgroßvaters.txt.tsv
Holzschneider Pirger,1,DEU007_Die_Mappe_meines_Urgroßvaters.txt.tsv
Bube Gott leiben,1,DEU007_Die_Mappe_meines_Urgroßvaters.txt.tsv
Johann,1,DEU007_Die_Mappe_meines_Urgroßvaters.txt.tsv
Tochter Josepha,1,DEU007_Die_Mappe_meines_Urgroßvaters.txt.tsv
Margarite,1,DEU007_Die_Mappe_meines_Urgroßvaters.txt.tsv
Oswald,956,DEU039_Problematische_Naturen_Erste_Abtheilung.txt.tsv
Melitta,315,DEU039_Problematische_Naturen_Erste_Abtheilung.txt.tsv
Bruno,258,DEU039_Problematische_Naturen_Erste_Abtheilung.txt.tsv
Felix,207,DEU039_Problematische_Naturen_Erste_Abtheilung.txt.tsv
Helene,158,DEU039_Problematische_Naturen_Erste_Abtheilung.txt.tsv
Oldenburg,119,DEU039_Problematische_Naturen_Erste_Abtheilung.txt.tsv
Albert,77,DEU039_Problematische_Naturen_Erste_Abtheilung.txt.tsv
Herr Timm,68,DEU039_Problematische_Naturen_Erste_Abtheilung.txt.tsv
Harald,66,DEU039_Problematische_Naturen_Erste_Abtheilung.txt.tsv
Anna-Maria,57,DEU039_Problematische_Naturen_Erste_Abtheilung.txt.tsv
Herr Bemperlein,49,DEU039_Problematische_Naturen_Erste_Abtheilung.txt.tsv
Czika,49,DEU039_Problematische_Naturen_Erste_Abtheilung.txt.tsv
Julius,43,DEU039_Problematische_Naturen_Erste_Abtheilung.txt.tsv
Cloten,43,DEU039_Problematische_Naturen_Erste_Abtheilung.txt.tsv
Fräulein Helene,42,DEU039_Problematische_Naturen_Erste_Abtheilung.txt.tsv
Grenwitz,40,DEU039_Problematische_Naturen_Erste_Abtheilung.txt.tsv
Herr von Barnewitz,40,DEU039_Problematische_Naturen_Erste_Abtheilung.txt.tsv
Helenen,39,DEU039_Problematische_Naturen_Erste_Abtheilung.txt.tsv
Barnewitz,38,DEU039_Problematische_Naturen_Erste_Abtheilung.txt.tsv
Malte,35,DEU039_Problematische_Naturen_Erste_Abtheilung.txt.tsv
Herr Stein,34,DEU039_Problematische_Naturen_Erste_Abtheilung.txt.tsv
Baumann,34,DEU039_Problematische_Naturen_Erste_Abtheilung.txt.tsv
Baron Oldenburg,31,DEU039_Problematische_Naturen_Erste_Abtheilung.txt.tsv
Frau von Berkow,31,DEU039_Problematische_Naturen_Erste_Abtheilung.txt.tsv
Bemperlein,30,DEU039_Problematische_Naturen_Erste_Abtheilung.txt.tsv
Mutter Clausen,29,DEU039_Problematische_Naturen_Erste_Abtheilung.txt.tsv
Emilie,29,DEU039_Problematische_Naturen_Erste_Abtheilung.txt.tsv
Marguerite,28,DEU039_Problematische_Naturen_Erste_Abtheilung.txt.tsv
Marie,28,DEU039_Problematische_Naturen_Erste_Abtheilung.txt.tsv
Clote,27,DEU039_Problematische_Naturen_Erste_Abtheilung.txt.tsv
Primula,25,DEU039_Problematische_Naturen_Erste_Abtheilung.txt.tsv
Professor Berger,23,DEU039_Problematische_Naturen_Erste_Abtheilung.txt.tsv
Herr von Cloten,23,DEU039_Problematische_Naturen_Erste_Abtheilung.txt.tsv
Doctor Braun,22,DEU039_Problematische_Naturen_Erste_Abtheilung.txt.tsv
Hortense,22,DEU039_Problematische_Naturen_Erste_Abtheilung.txt.tsv
Herr Doctor Stein,21,DEU039_Problematische_Naturen_Erste_Abtheilung.txt.tsv
Fräulein Marie,19,DEU039_Problematische_Naturen_Erste_Abtheilung.txt.tsv
Berger,18,DEU039_Problematische_Naturen_Erste_Abtheilung.txt.tsv
Baron Felix,17,DEU039_Problematische_Naturen_Erste_Abtheilung.txt.tsv
Tante Berkow,16,DEU039_Problematische_Naturen_Erste_Abtheilung.txt.tsv
Mademoiselle Marguerite,15,DEU039_Problematische_Naturen_Erste_Abtheilung.txt.tsv
Herr von Berkow,15,DEU039_Problematische_Naturen_Erste_Abtheilung.txt.tsv
Mutter Karsten,15,DEU039_Problematische_Naturen_Erste_Abtheilung.txt.tsv
Emilie von Breesen,14,DEU039_Problematische_Naturen_Erste_Abtheilung.txt.tsv
Pastor Jäger,13,DEU039_Problematische_Naturen_Erste_Abtheilung.txt.tsv
Doctor Stein,13,DEU039_Problematische_Naturen_Erste_Abtheilung.txt.tsv
Herr von lange,13,DEU039_Problematische_Naturen_Erste_Abtheilung.txt.tsv
Timm,13,DEU039_Problematische_Naturen_Erste_Abtheilung.txt.tsv
Baron Harald,11,DEU039_Problematische_Naturen_Erste_Abtheilung.txt.tsv
Karl,10,DEU039_Problematische_Naturen_Erste_Abtheilung.txt.tsv
Herr Baron,9,DEU039_Problematische_Naturen_Erste_Abtheilung.txt.tsv
Stein,9,DEU039_Problematische_Naturen_Erste_Abtheilung.txt.tsv
Doctor Birkenhain,9,DEU039_Problematische_Naturen_Erste_Abtheilung.txt.tsv
Breesen,9,DEU039_Problematische_Naturen_Erste_Abtheilung.txt.tsv
Luise,9,DEU039_Problematische_Naturen_Erste_Abtheilung.txt.tsv
Berkow,8,DEU039_Problematische_Naturen_Erste_Abtheilung.txt.tsv
Gott,8,DEU039_Problematische_Naturen_Erste_Abtheilung.txt.tsv
Cziko,8,DEU039_Problematische_Naturen_Erste_Abtheilung.txt.tsv
Jochen,8,DEU039_Problematische_Naturen_Erste_Abtheilung.txt.tsv
Adalbert,8,DEU039_Problematische_Naturen_Erste_Abtheilung.txt.tsv
von Cloten,8,DEU039_Problematische_Naturen_Erste_Abtheilung.txt.tsv
Fräulein von Breesen,8,DEU039_Problematische_Naturen_Erste_Abtheilung.txt.tsv
Fräulein Emilie,8,DEU039_Problematische_Naturen_Erste_Abtheilung.txt.tsv
von Breesen,8,DEU039_Problematische_Naturen_Erste_Abtheilung.txt.tsv
Monsieur d'Estein,8,DEU039_Problematische_Naturen_Erste_Abtheilung.txt.tsv
Jean,8,DEU039_Problematische_Naturen_Erste_Abtheilung.txt.tsv
Xenobi,8,DEU039_Problematische_Naturen_Erste_Abtheilung.txt.tsv
von Sylow,8,DEU039_Problematische_Naturen_Erste_Abtheilung.txt.tsv
Cousin Felix,7,DEU039_Problematische_Naturen_Erste_Abtheilung.txt.tsv
Gustava,7,DEU039_Problematische_Naturen_Erste_Abtheilung.txt.tsv
Adam,7,DEU039_Problematische_Naturen_Erste_Abtheilung.txt.tsv
Mary,7,DEU039_Problematische_Naturen_Erste_Abtheilung.txt.tsv
Felix von Grenwitz,7,DEU039_Problematische_Naturen_Erste_Abtheilung.txt.tsv
von Clote,7,DEU039_Problematische_Naturen_Erste_Abtheilung.txt.tsv
Adolf von Breesen,7,DEU039_Problematische_Naturen_Erste_Abtheilung.txt.tsv
-,7,DEU039_Problematische_Naturen_Erste_Abtheilung.txt.tsv
Almansor,7,DEU039_Problematische_Naturen_Erste_Abtheilung.txt.tsv
Frau Pastor Jäger,6,DEU039_Problematische_Naturen_Erste_Abtheilung.txt.tsv
Frau von Barnewitz,6,DEU039_Problematische_Naturen_Erste_Abtheilung.txt.tsv
Thusnelda,6,DEU039_Problematische_Naturen_Erste_Abtheilung.txt.tsv
Mary Burton,6,DEU039_Problematische_Naturen_Erste_Abtheilung.txt.tsv
Johann,5,DEU039_Problematische_Naturen_Erste_Abtheilung.txt.tsv
Herr Doctor,5,DEU039_Problematische_Naturen_Erste_Abtheilung.txt.tsv
Inspector Wrampe,5,DEU039_Problematische_Naturen_Erste_Abtheilung.txt.tsv
Herr Wrampe,5,DEU039_Problematische_Naturen_Erste_Abtheilung.txt.tsv
Goethe,5,DEU039_Problematische_Naturen_Erste_Abtheilung.txt.tsv
Oswald',5,DEU039_Problematische_Naturen_Erste_Abtheilung.txt.tsv
Robin,5,DEU039_Problematische_Naturen_Erste_Abtheilung.txt.tsv
Graf Grieben,5,DEU039_Problematische_Naturen_Erste_Abtheilung.txt.tsv
Fräulein Klauß,5,DEU039_Problematische_Naturen_Erste_Abtheilung.txt.tsv
Arthur,5,DEU039_Problematische_Naturen_Erste_Abtheilung.txt.tsv
Marien,5,DEU039_Problematische_Naturen_Erste_Abtheilung.txt.tsv
Alexander,4,DEU039_Problematische_Naturen_Erste_Abtheilung.txt.tsv
Isabell,4,DEU039_Problematische_Naturen_Erste_Abtheilung.txt.tsv
Eva,4,DEU039_Problematische_Naturen_Erste_Abtheilung.txt.tsv
Holde,4,DEU039_Problematische_Naturen_Erste_Abtheilung.txt.tsv
Lisbeth,4,DEU039_Problematische_Naturen_Erste_Abtheilung.txt.tsv
Emilien,4,DEU039_Problematische_Naturen_Erste_Abtheilung.txt.tsv
Baron Harald von Grenwitz,4,DEU039_Problematische_Naturen_Erste_Abtheilung.txt.tsv
Herr Timm's,4,DEU039_Problematische_Naturen_Erste_Abtheilung.txt.tsv
Witiko,2821,DEU045_Witiko.txt.tsv
Wladislaw,414,DEU045_Witiko.txt.tsv
Bertha,321,DEU045_Witiko.txt.tsv
Heinrich,239,DEU045_Witiko.txt.tsv
Lubomir,192,DEU045_Witiko.txt.tsv
Rowno,173,DEU045_Witiko.txt.tsv
Herzog Wladislaw,159,DEU045_Witiko.txt.tsv
Raimund,139,DEU045_Witiko.txt.tsv
Huldrik,131,DEU045_Witiko.txt.tsv
Diepold,130,DEU045_Witiko.txt.tsv
Zdik,123,DEU045_Witiko.txt.tsv
Sob<unk>slaw,121,DEU045_Witiko.txt.tsv
Bolemil,110,DEU045_Witiko.txt.tsv
Odolen,109,DEU045_Witiko.txt.tsv
Herzog Sob<unk>slaw,108,DEU045_Witiko.txt.tsv
Otto,108,DEU045_Witiko.txt.tsv
Konrad,105,DEU045_Witiko.txt.tsv
Wentila,105,DEU045_Witiko.txt.tsv
Welislaw,101,DEU045_Witiko.txt.tsv
Wratislaw,87,DEU045_Witiko.txt.tsv
Gott,86,DEU045_Witiko.txt.tsv
Benno,75,DEU045_Witiko.txt.tsv
Diet,66,DEU045_Witiko.txt.tsv
Wolf,63,DEU045_Witiko.txt.tsv
Bore<unk>,62,DEU045_Witiko.txt.tsv
Wiulfhilt,61,DEU045_Witiko.txt.tsv
König Konrad,59,DEU045_Witiko.txt.tsv
Na<unk>erat,58,DEU045_Witiko.txt.tsv
Tom Johannes,57,DEU045_Witiko.txt.tsv
Diwi<unk>,56,DEU045_Witiko.txt.tsv
P<unk>emysl,55,DEU045_Witiko.txt.tsv
Bischof Zdik,55,DEU045_Witiko.txt.tsv
Osel,54,DEU045_Witiko.txt.tsv
Dimut,52,DEU045_Witiko.txt.tsv
Martin,50,DEU045_Witiko.txt.tsv
Jakob,48,DEU045_Witiko.txt.tsv
Urban,48,DEU045_Witiko.txt.tsv
Ben,44,DEU045_Witiko.txt.tsv
W<unk>ebor,43,DEU045_Witiko.txt.tsv
David,42,DEU045_Witiko.txt.tsv
Bo<unk>ebor,41,DEU045_Witiko.txt.tsv
Silvester,40,DEU045_Witiko.txt.tsv
Friedrich,38,DEU045_Witiko.txt.tsv
Bo<unk>iwoy,37,DEU045_Witiko.txt.tsv
<ood>,36,DEU045_Witiko.txt.tsv
Daniel,36,DEU045_Witiko.txt.tsv
Jurik,36,DEU045_Witiko.txt.tsv
Mathias,35,DEU045_Witiko.txt.tsv
Florian,33,DEU045_Witiko.txt.tsv
Gertrud,32,DEU045_Witiko.txt.tsv
Leopold,31,DEU045_Witiko.txt.tsv
Adalbert,31,DEU045_Witiko.txt.tsv
Smil,29,DEU045_Witiko.txt.tsv
Bischof Silvester,29,DEU045_Witiko.txt.tsv
Witikos,29,DEU045_Witiko.txt.tsv
Adelheid,28,DEU045_Witiko.txt.tsv
Chotimir,27,DEU045_Witiko.txt.tsv
Sifrid,27,DEU045_Witiko.txt.tsv
Swatopluk,26,DEU045_Witiko.txt.tsv
Agnes,26,DEU045_Witiko.txt.tsv
Preda,25,DEU045_Witiko.txt.tsv
Lucia,25,DEU045_Witiko.txt.tsv
Augustin,25,DEU045_Witiko.txt.tsv
Wenhart,25,DEU045_Witiko.txt.tsv
-,24,DEU045_Witiko.txt.tsv
Mikul,24,DEU045_Witiko.txt.tsv
Guido,24,DEU045_Witiko.txt.tsv
Casta,23,DEU045_Witiko.txt.tsv
Bogdan,23,DEU045_Witiko.txt.tsv
Sebastian,23,DEU045_Witiko.txt.tsv
Wenzel,21,DEU045_Witiko.txt.tsv
Veit,21,DEU045_Witiko.txt.tsv
Regina,21,DEU045_Witiko.txt.tsv
Wyhon,21,DEU045_Witiko.txt.tsv
Vater Benno,21,DEU045_Witiko.txt.tsv
Domaslaw,20,DEU045_Witiko.txt.tsv
B<unk>etislaw,20,DEU045_Witiko.txt.tsv
Sohn Wladislaw,20,DEU045_Witiko.txt.tsv
Regimbert,20,DEU045_Witiko.txt.tsv
P<unk>edbor,20,DEU045_Witiko.txt.tsv
Heinrich von Jugelbach,20,DEU045_Witiko.txt.tsv
Nemoy,19,DEU045_Witiko.txt.tsv
Peter Laurenz,19,DEU045_Witiko.txt.tsv
Boleslawa,19,DEU045_Witiko.txt.tsv
Heinrich von Oftering,19,DEU045_Witiko.txt.tsv
Ritter,19,DEU045_Witiko.txt.tsv
König Wladislaw,19,DEU045_Witiko.txt.tsv
Diet von Wett,18,DEU045_Witiko.txt.tsv
Bruder Diepold,18,DEU045_Witiko.txt.tsv
Herzog Konrad,18,DEU045_Witiko.txt.tsv
Gebhart,18,DEU045_Witiko.txt.tsv
König Wratislaw,17,DEU045_Witiko.txt.tsv
Ctibor,17,DEU045_Witiko.txt.tsv
Zacharias,17,DEU045_Witiko.txt.tsv
Andreas,17,DEU045_Witiko.txt.tsv
Thiemo von der Aue,17,DEU045_Witiko.txt.tsv
Heinrich von Schauenberg,17,DEU045_Witiko.txt.tsv
Bischof Daniel,17,DEU045_Witiko.txt.tsv
Apostel Thomas,16,DEU045_Witiko.txt.tsv
Milhost,16,DEU045_Witiko.txt.tsv
Mirjam,87,DEU096_Der_Golem.txt.tsv
Charousek,85,DEU096_Der_Golem.txt.tsv
Hillel,78,DEU096_Der_Golem.txt.tsv
Zwakh,67,DEU096_Der_Golem.txt.tsv
Wassertrum,54,DEU096_Der_Golem.txt.tsv
Angelina,40,DEU096_Der_Golem.txt.tsv
Rosina,32,DEU096_Der_Golem.txt.tsv
Vrieslander,32,DEU096_Der_Golem.txt.tsv
Meister Pernath,29,DEU096_Der_Golem.txt.tsv
Pernath,28,DEU096_Der_Golem.txt.tsv
Prokop,28,DEU096_Der_Golem.txt.tsv
Herr Pernath,27,DEU096_Der_Golem.txt.tsv
Dr. Savioli,27,DEU096_Der_Golem.txt.tsv
Laponder,23,DEU096_Der_Golem.txt.tsv
Jaromir,21,DEU096_Der_Golem.txt.tsv
Wenzel,19,DEU096_Der_Golem.txt.tsv
Loisa,16,DEU096_Der_Golem.txt.tsv
Dr. Wassory,16,DEU096_Der_Golem.txt.tsv
Aaron Wassertrum,14,DEU096_Der_Golem.txt.tsv
Babinski,14,DEU096_Der_Golem.txt.tsv
Savioli,12,DEU096_Der_Golem.txt.tsv
Dr. Hulbert,12,DEU096_Der_Golem.txt.tsv
Athanasius Pernath,11,DEU096_Der_Golem.txt.tsv
-,11,DEU096_Der_Golem.txt.tsv
Zottmann,8,DEU096_Der_Golem.txt.tsv
Herr Wassertrum,8,DEU096_Der_Golem.txt.tsv
Trödler Aaron Wassertrum,7,DEU096_Der_Golem.txt.tsv
Josua Prokop,7,DEU096_Der_Golem.txt.tsv
Gott,7,DEU096_Der_Golem.txt.tsv
Schemajah Hillel,7,DEU096_Der_Golem.txt.tsv
Herr Charousek,7,DEU096_Der_Golem.txt.tsv
Herr Laponder,7,DEU096_Der_Golem.txt.tsv
Golem,5,DEU096_Der_Golem.txt.tsv
Schemajah,5,DEU096_Der_Golem.txt.tsv
Saviolis,5,DEU096_Der_Golem.txt.tsv
Herr Zwakh,5,DEU096_Der_Golem.txt.tsv
Archivar Schemajah Hillel,4,DEU096_Der_Golem.txt.tsv
Herr von Pernath,4,DEU096_Der_Golem.txt.tsv
Student Charousek,3,DEU096_Der_Golem.txt.tsv
Wassory,3,DEU096_Der_Golem.txt.tsv
Maler Vrieslander,3,DEU096_Der_Golem.txt.tsv
Archivar Hillel,3,DEU096_Der_Golem.txt.tsv
Vriesland,3,DEU096_Der_Golem.txt.tsv
Herr Hillel,3,DEU096_Der_Golem.txt.tsv
Vóssatka,3,DEU096_Der_Golem.txt.tsv
Karl Zottmann,3,DEU096_Der_Golem.txt.tsv
Tschamrda,3,DEU096_Der_Golem.txt.tsv
Herr Tschamrda,3,DEU096_Der_Golem.txt.tsv
Trödler Wassertrum,2,DEU096_Der_Golem.txt.tsv
Marionettenspieler Zwakh,2,DEU096_Der_Golem.txt.tsv
Dr. Wassorys,2,DEU096_Der_Golem.txt.tsv
Aaron wassertrum,2,DEU096_Der_Golem.txt.tsv
Nephtali Schaffranek,2,DEU096_Der_Golem.txt.tsv
Kaiser Rudolf,2,DEU096_Der_Golem.txt.tsv
Schaffranek,2,DEU096_Der_Golem.txt.tsv
Fürst Ferri Athenstädt,2,DEU096_Der_Golem.txt.tsv
Loisitschek,2,DEU096_Der_Golem.txt.tsv
Schemajah Hillels,2,DEU096_Der_Golem.txt.tsv
Herkules,2,DEU096_Der_Golem.txt.tsv
Luitgard,2,DEU096_Der_Golem.txt.tsv
Freund Zwakh,2,DEU096_Der_Golem.txt.tsv
Gott Osiri,2,DEU096_Der_Golem.txt.tsv
Frau Pick,2,DEU096_Der_Golem.txt.tsv
Armilos,2,DEU096_Der_Golem.txt.tsv
Eulalia,2,DEU096_Der_Golem.txt.tsv
Herr Aaron Wassertrum,2,DEU096_Der_Golem.txt.tsv
Athanasius,2,DEU096_Der_Golem.txt.tsv
Bruder Loisa,2,DEU096_Der_Golem.txt.tsv
Amadeus Laponder,2,DEU096_Der_Golem.txt.tsv
Henoch,2,DEU096_Der_Golem.txt.tsv
Jaromir Kwáßnitschka,2,DEU096_Der_Golem.txt.tsv
Herr Dr. Charousek,2,DEU096_Der_Golem.txt.tsv
Ferri,2,DEU096_Der_Golem.txt.tsv
Ferri Athenstädt,2,DEU096_Der_Golem.txt.tsv
Markör,2,DEU096_Der_Golem.txt.tsv
Buddha Gotama,1,DEU096_Der_Golem.txt.tsv
Zwillingsbruder Jaromir,1,DEU096_Der_Golem.txt.tsv
Gott Christi,1,DEU096_Der_Golem.txt.tsv
Pierrot,1,DEU096_Der_Golem.txt.tsv
Athanasius Pernath .,1,DEU096_Der_Golem.txt.tsv
Aaron Wassertrums,1,DEU096_Der_Golem.txt.tsv
Virginia,1,DEU096_Der_Golem.txt.tsv
Josua,1,DEU096_Der_Golem.txt.tsv
Zwakhs,1,DEU096_Der_Golem.txt.tsv
Maler Vriesland,1,DEU096_Der_Golem.txt.tsv
Rotbart,1,DEU096_Der_Golem.txt.tsv
Grünbart,1,DEU096_Der_Golem.txt.tsv
rechtsgelehrte Dr. Hulbert,1,DEU096_Der_Golem.txt.tsv
Riese Atlas,1,DEU096_Der_Golem.txt.tsv
Johann von Nepomuk,1,DEU096_Der_Golem.txt.tsv
Christi,1,DEU096_Der_Golem.txt.tsv
Dichter Oskar Wiener,1,DEU096_Der_Golem.txt.tsv
Lebensversicherungsdirektor Zottmann,1,DEU096_Der_Golem.txt.tsv
Karl der sechste,1,DEU096_Der_Golem.txt.tsv
Rabbi ben Akiba,1,DEU096_Der_Golem.txt.tsv
Goethe,1,DEU096_Der_Golem.txt.tsv
Dr. Saviolis,1,DEU096_Der_Golem.txt.tsv
Augenarzt Wassory,1,DEU096_Der_Golem.txt.tsv
Musikant Nephtali Schaffranek,1,DEU096_Der_Golem.txt.tsv
Hock,1,DEU096_Der_Golem.txt.tsv
Anton,2007,DEU011_Soll_und_Haben.txt.tsv
Fink,818,DEU011_Soll_und_Haben.txt.tsv
Lenore,359,DEU011_Soll_und_Haben.txt.tsv
Karl,304,DEU011_Soll_und_Haben.txt.tsv
Ehrenthal,231,DEU011_Soll_und_Haben.txt.tsv
Veitel,226,DEU011_Soll_und_Haben.txt.tsv
Sabine,215,DEU011_Soll_und_Haben.txt.tsv
Bernhard,203,DEU011_Soll_und_Haben.txt.tsv
Wohlfart,157,DEU011_Soll_und_Haben.txt.tsv
Itzig,133,DEU011_Soll_und_Haben.txt.tsv
Lenor,125,DEU011_Soll_und_Haben.txt.tsv
Herr Wohlfart,113,DEU011_Soll_und_Haben.txt.tsv
Herr Ehrenthal,79,DEU011_Soll_und_Haben.txt.tsv
Eugen,74,DEU011_Soll_und_Haben.txt.tsv
Herr von Fink,72,DEU011_Soll_und_Haben.txt.tsv
Herr Pix,65,DEU011_Soll_und_Haben.txt.tsv
Specht,65,DEU011_Soll_und_Haben.txt.tsv
Pinkus,62,DEU011_Soll_und_Haben.txt.tsv
Sturm,58,DEU011_Soll_und_Haben.txt.tsv
Herr Jordan,57,DEU011_Soll_und_Haben.txt.tsv
Herr Specht,56,DEU011_Soll_und_Haben.txt.tsv
Herr Schröter,55,DEU011_Soll_und_Haben.txt.tsv
Pix,45,DEU011_Soll_und_Haben.txt.tsv
Rosalie,44,DEU011_Soll_und_Haben.txt.tsv
Lenoren,41,DEU011_Soll_und_Haben.txt.tsv
Herr Baron,38,DEU011_Soll_und_Haben.txt.tsv
Tinkeles,38,DEU011_Soll_und_Haben.txt.tsv
Hippus,33,DEU011_Soll_und_Haben.txt.tsv
Herr Baumann,31,DEU011_Soll_und_Haben.txt.tsv
Herr Liebold,29,DEU011_Soll_und_Haben.txt.tsv
Jordan,27,DEU011_Soll_und_Haben.txt.tsv
Frau von Baldereck,27,DEU011_Soll_und_Haben.txt.tsv
Baumann,23,DEU011_Soll_und_Haben.txt.tsv
Bernhards,20,DEU011_Soll_und_Haben.txt.tsv
Sabinen,18,DEU011_Soll_und_Haben.txt.tsv
Veitel Itzig,16,DEU011_Soll_und_Haben.txt.tsv
-,16,DEU011_Soll_und_Haben.txt.tsv
Zernitz,15,DEU011_Soll_und_Haben.txt.tsv
Herr Sturm,15,DEU011_Soll_und_Haben.txt.tsv
Fräulein Sabine,14,DEU011_Soll_und_Haben.txt.tsv
Herr Hippus,14,DEU011_Soll_und_Haben.txt.tsv
Hildegard,14,DEU011_Soll_und_Haben.txt.tsv
T. O. Schröter,13,DEU011_Soll_und_Haben.txt.tsv
Theone,13,DEU011_Soll_und_Haben.txt.tsv
Rothsattel,12,DEU011_Soll_und_Haben.txt.tsv
Herr Braun,12,DEU011_Soll_und_Haben.txt.tsv
Vater Sturm,12,DEU011_Soll_und_Haben.txt.tsv
Rosmin,12,DEU011_Soll_und_Haben.txt.tsv
Fritz,11,DEU011_Soll_und_Haben.txt.tsv
Rebekka,11,DEU011_Soll_und_Haben.txt.tsv
Fräulein Lenore,10,DEU011_Soll_und_Haben.txt.tsv
Franz,9,DEU011_Soll_und_Haben.txt.tsv
Hirsch Ehrenthal,9,DEU011_Soll_und_Haben.txt.tsv
Benno Tönnchen,9,DEU011_Soll_und_Haben.txt.tsv
Justizrat Horn,9,DEU011_Soll_und_Haben.txt.tsv
Herr Anton,9,DEU011_Soll_und_Haben.txt.tsv
Herr Itzig,9,DEU011_Soll_und_Haben.txt.tsv
Schulz,9,DEU011_Soll_und_Haben.txt.tsv
Madame Ehrenthal,8,DEU011_Soll_und_Haben.txt.tsv
Löbel Pinkus,8,DEU011_Soll_und_Haben.txt.tsv
Herr Purzel,8,DEU011_Soll_und_Haben.txt.tsv
Feroni,8,DEU011_Soll_und_Haben.txt.tsv
Wilhelm,8,DEU011_Soll_und_Haben.txt.tsv
Tönnchen,8,DEU011_Soll_und_Haben.txt.tsv
Sohn Bernhard,8,DEU011_Soll_und_Haben.txt.tsv
tinkele,8,DEU011_Soll_und_Haben.txt.tsv
Frau Baronin,8,DEU011_Soll_und_Haben.txt.tsv
Herr von Rothsattel,8,DEU011_Soll_und_Haben.txt.tsv
Bolling,8,DEU011_Soll_und_Haben.txt.tsv
Bratzky,8,DEU011_Soll_und_Haben.txt.tsv
Ehrenthals,7,DEU011_Soll_und_Haben.txt.tsv
Herr von Zernitz,7,DEU011_Soll_und_Haben.txt.tsv
Fräulein Eugenie,7,DEU011_Soll_und_Haben.txt.tsv
Schlosser,7,DEU011_Soll_und_Haben.txt.tsv
Löwenberg,7,DEU011_Soll_und_Haben.txt.tsv
Herr Pinkus,6,DEU011_Soll_und_Haben.txt.tsv
Herr Stephan,6,DEU011_Soll_und_Haben.txt.tsv
Master Wohlfart,6,DEU011_Soll_und_Haben.txt.tsv
Liebold,6,DEU011_Soll_und_Haben.txt.tsv
Freund Fink,6,DEU011_Soll_und_Haben.txt.tsv
Herr von Tönnchen,6,DEU011_Soll_und_Haben.txt.tsv
Hildegard Salt,6,DEU011_Soll_und_Haben.txt.tsv
Tony,6,DEU011_Soll_und_Haben.txt.tsv
Justizkommissarius Walther,6,DEU011_Soll_und_Haben.txt.tsv
Schmeie,6,DEU011_Soll_und_Haben.txt.tsv
Oscar,5,DEU011_Soll_und_Haben.txt.tsv
Schmeie Tinkeles,5,DEU011_Soll_und_Haben.txt.tsv
Theone Lara,5,DEU011_Soll_und_Haben.txt.tsv
Baron Rothsattel,5,DEU011_Soll_und_Haben.txt.tsv
Goliath,5,DEU011_Soll_und_Haben.txt.tsv
Rosalien,5,DEU011_Soll_und_Haben.txt.tsv
Balbus,5,DEU011_Soll_und_Haben.txt.tsv
Johann,5,DEU011_Soll_und_Haben.txt.tsv
Herr Bratzky,5,DEU011_Soll_und_Haben.txt.tsv
Schulze,5,DEU011_Soll_und_Haben.txt.tsv
Frau Pinkus,4,DEU011_Soll_und_Haben.txt.tsv
Betty,4,DEU011_Soll_und_Haben.txt.tsv
Komteß Lara,4,DEU011_Soll_und_Haben.txt.tsv
Eugenie,4,DEU011_Soll_und_Haben.txt.tsv
Hulda Werner,4,DEU011_Soll_und_Haben.txt.tsv
Friedrich,373,DEU005_Der_Sonnenwirt.txt.tsv
Christine,211,DEU005_Der_Sonnenwirt.txt.tsv
Christin,53,DEU005_Der_Sonnenwirt.txt.tsv
Bettelmelcher,42,DEU005_Der_Sonnenwirt.txt.tsv
Frieder,35,DEU005_Der_Sonnenwirt.txt.tsv
Gott,34,DEU005_Der_Sonnenwirt.txt.tsv
Jerg,34,DEU005_Der_Sonnenwirt.txt.tsv
Magdalene,25,DEU005_Der_Sonnenwirt.txt.tsv
Christinen,25,DEU005_Der_Sonnenwirt.txt.tsv
Müller,24,DEU005_Der_Sonnenwirt.txt.tsv
Schwan,19,DEU005_Der_Sonnenwirt.txt.tsv
Christle,14,DEU005_Der_Sonnenwirt.txt.tsv
Schwamenjackel,13,DEU005_Der_Sonnenwirt.txt.tsv
Christianus,12,DEU005_Der_Sonnenwirt.txt.tsv
Peter,11,DEU005_Der_Sonnenwirt.txt.tsv
Herr Sonnenwirt,9,DEU005_Der_Sonnenwirt.txt.tsv
Beckin,8,DEU005_Der_Sonnenwirt.txt.tsv
Beck,7,DEU005_Der_Sonnenwirt.txt.tsv
Kathrine,7,DEU005_Der_Sonnenwirt.txt.tsv
Müllerknecht,7,DEU005_Der_Sonnenwirt.txt.tsv
Christina,7,DEU005_Der_Sonnenwirt.txt.tsv
Friederle,7,DEU005_Der_Sonnenwirt.txt.tsv
Fischerhanne,6,DEU005_Der_Sonnenwirt.txt.tsv
Georg,6,DEU005_Der_Sonnenwirt.txt.tsv
-,6,DEU005_Der_Sonnenwirt.txt.tsv
Bas,6,DEU005_Der_Sonnenwirt.txt.tsv
Hirschbauer,6,DEU005_Der_Sonnenwirt.txt.tsv
Friedrich Schwan,5,DEU005_Der_Sonnenwirt.txt.tsv
Sonnenwirtle,5,DEU005_Der_Sonnenwirt.txt.tsv
magdalener,5,DEU005_Der_Sonnenwirt.txt.tsv
Christinele,5,DEU005_Der_Sonnenwirt.txt.tsv
Herr Vetter,5,DEU005_Der_Sonnenwirt.txt.tsv
Herr Vogt,5,DEU005_Der_Sonnenwirt.txt.tsv
Hannes,5,DEU005_Der_Sonnenwirt.txt.tsv
Schultheiß,5,DEU005_Der_Sonnenwirt.txt.tsv
Sonnenwirt Frieder,4,DEU005_Der_Sonnenwirt.txt.tsv
Herr Schwager,4,DEU005_Der_Sonnenwirt.txt.tsv
Christina Müllerin,4,DEU005_Der_Sonnenwirt.txt.tsv
Katharina,4,DEU005_Der_Sonnenwirt.txt.tsv
Anna Maria,4,DEU005_Der_Sonnenwirt.txt.tsv
Leutnant Löw,4,DEU005_Der_Sonnenwirt.txt.tsv
Margarete,4,DEU005_Der_Sonnenwirt.txt.tsv
Lisa,4,DEU005_Der_Sonnenwirt.txt.tsv
Magdalen,3,DEU005_Der_Sonnenwirt.txt.tsv
Jesus Sirach,3,DEU005_Der_Sonnenwirt.txt.tsv
christinele,3,DEU005_Der_Sonnenwirt.txt.tsv
Küblerfritz,3,DEU005_Der_Sonnenwirt.txt.tsv
Kübler,3,DEU005_Der_Sonnenwirt.txt.tsv
Lisabeth,3,DEU005_Der_Sonnenwirt.txt.tsv
Hans Jerg Müller,3,DEU005_Der_Sonnenwirt.txt.tsv
Sonnenwirt,3,DEU005_Der_Sonnenwirt.txt.tsv
Johann,3,DEU005_Der_Sonnenwirt.txt.tsv
Nabal,3,DEU005_Der_Sonnenwirt.txt.tsv
Freund Bettelmelcher,3,DEU005_Der_Sonnenwirt.txt.tsv
Müllerin,3,DEU005_Der_Sonnenwirt.txt.tsv
Meister Schwan,2,DEU005_Der_Sonnenwirt.txt.tsv
Herr Waisenpfarrer,2,DEU005_Der_Sonnenwirt.txt.tsv
Vetter,2,DEU005_Der_Sonnenwirt.txt.tsv
Georg.,2,DEU005_Der_Sonnenwirt.txt.tsv
Karl Herzog,2,DEU005_Der_Sonnenwirt.txt.tsv
Saul,2,DEU005_Der_Sonnenwirt.txt.tsv
David,2,DEU005_Der_Sonnenwirt.txt.tsv
Arndt,2,DEU005_Der_Sonnenwirt.txt.tsv
Jesum,2,DEU005_Der_Sonnenwirt.txt.tsv
Gott der Allmächtige,2,DEU005_Der_Sonnenwirt.txt.tsv
Sohn von Boll,2,DEU005_Der_Sonnenwirt.txt.tsv
Frau Sonnenwirtin,2,DEU005_Der_Sonnenwirt.txt.tsv
Crispinus,2,DEU005_Der_Sonnenwirt.txt.tsv
Jakob,2,DEU005_Der_Sonnenwirt.txt.tsv
Vogt,2,DEU005_Der_Sonnenwirt.txt.tsv
Jesu,2,DEU005_Der_Sonnenwirt.txt.tsv
Freund Schwamenjackel,2,DEU005_Der_Sonnenwirt.txt.tsv
Schwester Margareta,2,DEU005_Der_Sonnenwirt.txt.tsv
Freund Schwan,2,DEU005_Der_Sonnenwirt.txt.tsv
Bruder Schwan,2,DEU005_Der_Sonnenwirt.txt.tsv
Schneidermichel,2,DEU005_Der_Sonnenwirt.txt.tsv
Brutus,2,DEU005_Der_Sonnenwirt.txt.tsv
Mockel,2,DEU005_Der_Sonnenwirt.txt.tsv
Amtmann von Stein,2,DEU005_Der_Sonnenwirt.txt.tsv
Herr Schultheißen,2,DEU005_Der_Sonnenwirt.txt.tsv
Christine Schettinger,2,DEU005_Der_Sonnenwirt.txt.tsv
Herr Gott von Dinkelsbühl,1,DEU005_Der_Sonnenwirt.txt.tsv
Pharaonis,1,DEU005_Der_Sonnenwirt.txt.tsv
Fischerhann,1,DEU005_Der_Sonnenwirt.txt.tsv
Mathes,1,DEU005_Der_Sonnenwirt.txt.tsv
Zeiger Frank,1,DEU005_Der_Sonnenwirt.txt.tsv
Spanner Eberhard,1,DEU005_Der_Sonnenwirt.txt.tsv
Kanaille,1,DEU005_Der_Sonnenwirt.txt.tsv
Esau,1,DEU005_Der_Sonnenwirt.txt.tsv
Giftmichel,1,DEU005_Der_Sonnenwirt.txt.tsv
Schwester Magdalene,1,DEU005_Der_Sonnenwirt.txt.tsv
magdalen,1,DEU005_Der_Sonnenwirt.txt.tsv
Mosje Friedrich,1,DEU005_Der_Sonnenwirt.txt.tsv
Dotel,1,DEU005_Der_Sonnenwirt.txt.tsv
Maria Theresia,1,DEU005_Der_Sonnenwirt.txt.tsv
Boas,1,DEU005_Der_Sonnenwirt.txt.tsv
Ruth,1,DEU005_Der_Sonnenwirt.txt.tsv
Hansele,1,DEU005_Der_Sonnenwirt.txt.tsv
Jud Süß,1,DEU005_Der_Sonnenwirt.txt.tsv
Lise,1,DEU005_Der_Sonnenwirt.txt.tsv
Botho,228,DEU059_Irrungen_Wirrungen.txt.tsv
Lene,189,DEU059_Irrungen_Wirrungen.txt.tsv
Frau Dörr,126,DEU059_Irrungen_Wirrungen.txt.tsv
Käthe,50,DEU059_Irrungen_Wirrungen.txt.tsv
Frau Nimptsch,48,DEU059_Irrungen_Wirrungen.txt.tsv
Dörr,40,DEU059_Irrungen_Wirrungen.txt.tsv
Rienäcker,39,DEU059_Irrungen_Wirrungen.txt.tsv
Wedell,28,DEU059_Irrungen_Wirrungen.txt.tsv
Balafré,19,DEU059_Irrungen_Wirrungen.txt.tsv
Pitt,15,DEU059_Irrungen_Wirrungen.txt.tsv
lene,12,DEU059_Irrungen_Wirrungen.txt.tsv
Herr Baron,12,DEU059_Irrungen_Wirrungen.txt.tsv
Isabeau,12,DEU059_Irrungen_Wirrungen.txt.tsv
Serge,11,DEU059_Irrungen_Wirrungen.txt.tsv
Franke,11,DEU059_Irrungen_Wirrungen.txt.tsv
Rexin,11,DEU059_Irrungen_Wirrungen.txt.tsv
Johanna,10,DEU059_Irrungen_Wirrungen.txt.tsv
Sultan,9,DEU059_Irrungen_Wirrungen.txt.tsv
Mutter Nimptsch,9,DEU059_Irrungen_Wirrungen.txt.tsv
Hankel,9,DEU059_Irrungen_Wirrungen.txt.tsv
Minette,9,DEU059_Irrungen_Wirrungen.txt.tsv
Nimptsch,8,DEU059_Irrungen_Wirrungen.txt.tsv
Frau Salinger,8,DEU059_Irrungen_Wirrungen.txt.tsv
Herr von Wedell,7,DEU059_Irrungen_Wirrungen.txt.tsv
Onkel Kurt Anton,6,DEU059_Irrungen_Wirrungen.txt.tsv
Gaston,6,DEU059_Irrungen_Wirrungen.txt.tsv
Anna Grävenitz,6,DEU059_Irrungen_Wirrungen.txt.tsv
Herr Franke,6,DEU059_Irrungen_Wirrungen.txt.tsv
Onkel Osten,5,DEU059_Irrungen_Wirrungen.txt.tsv
Lenen,5,DEU059_Irrungen_Wirrungen.txt.tsv
Serg,5,DEU059_Irrungen_Wirrungen.txt.tsv
Bothos,5,DEU059_Irrungen_Wirrungen.txt.tsv
Gideon Franke,5,DEU059_Irrungen_Wirrungen.txt.tsv
Mister Armstrong,5,DEU059_Irrungen_Wirrungen.txt.tsv
Rudolf,4,DEU059_Irrungen_Wirrungen.txt.tsv
Lina,4,DEU059_Irrungen_Wirrungen.txt.tsv
Hiller,4,DEU059_Irrungen_Wirrungen.txt.tsv
Margot,4,DEU059_Irrungen_Wirrungen.txt.tsv
Leneke,3,DEU059_Irrungen_Wirrungen.txt.tsv
Baron Botho,3,DEU059_Irrungen_Wirrungen.txt.tsv
Vater Dörr,3,DEU059_Irrungen_Wirrungen.txt.tsv
Renz,3,DEU059_Irrungen_Wirrungen.txt.tsv
Kroll,3,DEU059_Irrungen_Wirrungen.txt.tsv
Bismarck,3,DEU059_Irrungen_Wirrungen.txt.tsv
Schönemann,3,DEU059_Irrungen_Wirrungen.txt.tsv
Zülow,3,DEU059_Irrungen_Wirrungen.txt.tsv
Frau Dörrs,3,DEU059_Irrungen_Wirrungen.txt.tsv
Königin Isabeau,3,DEU059_Irrungen_Wirrungen.txt.tsv
Herr von Rienäcker,3,DEU059_Irrungen_Wirrungen.txt.tsv
Armstrong,3,DEU059_Irrungen_Wirrungen.txt.tsv
Gideon,3,DEU059_Irrungen_Wirrungen.txt.tsv
Bollmann,2,DEU059_Irrungen_Wirrungen.txt.tsv
Susel,2,DEU059_Irrungen_Wirrungen.txt.tsv
Leneken,2,DEU059_Irrungen_Wirrungen.txt.tsv
Hahnke,2,DEU059_Irrungen_Wirrungen.txt.tsv
Familie Dörr,2,DEU059_Irrungen_Wirrungen.txt.tsv
dörr,2,DEU059_Irrungen_Wirrungen.txt.tsv
Frau Baronin Dörr,2,DEU059_Irrungen_Wirrungen.txt.tsv
Hans,2,DEU059_Irrungen_Wirrungen.txt.tsv
Baron Rienäcker,2,DEU059_Irrungen_Wirrungen.txt.tsv
Leutnant von Wedell,2,DEU059_Irrungen_Wirrungen.txt.tsv
Osten,2,DEU059_Irrungen_Wirrungen.txt.tsv
Kluckhuhn,2,DEU059_Irrungen_Wirrungen.txt.tsv
Ella,2,DEU059_Irrungen_Wirrungen.txt.tsv
Afzelius,2,DEU059_Irrungen_Wirrungen.txt.tsv
Moltke,2,DEU059_Irrungen_Wirrungen.txt.tsv
Paula,2,DEU059_Irrungen_Wirrungen.txt.tsv
Käthe Sellenthin,2,DEU059_Irrungen_Wirrungen.txt.tsv
Goldstein,2,DEU059_Irrungen_Wirrungen.txt.tsv
Schwester Ine,2,DEU059_Irrungen_Wirrungen.txt.tsv
Gott,2,DEU059_Irrungen_Wirrungen.txt.tsv
Elly Winterfeld,2,DEU059_Irrungen_Wirrungen.txt.tsv
Ine,2,DEU059_Irrungen_Wirrungen.txt.tsv
Madame Salinger,2,DEU059_Irrungen_Wirrungen.txt.tsv
Goltz,2,DEU059_Irrungen_Wirrungen.txt.tsv
Sarah,2,DEU059_Irrungen_Wirrungen.txt.tsv
Kath,2,DEU059_Irrungen_Wirrungen.txt.tsv
Bozel,2,DEU059_Irrungen_Wirrungen.txt.tsv
Henriette,2,DEU059_Irrungen_Wirrungen.txt.tsv
Kornatzki,2,DEU059_Irrungen_Wirrungen.txt.tsv
Pflegetochter Lene,1,DEU059_Irrungen_Wirrungen.txt.tsv
Borré,1,DEU059_Irrungen_Wirrungen.txt.tsv
Suselchen,1,DEU059_Irrungen_Wirrungen.txt.tsv
Frau nimptsch,1,DEU059_Irrungen_Wirrungen.txt.tsv
Len,1,DEU059_Irrungen_Wirrungen.txt.tsv
Lina Gansauge,1,DEU059_Irrungen_Wirrungen.txt.tsv
Rudolfe,1,DEU059_Irrungen_Wirrungen.txt.tsv
Herr Dörr,1,DEU059_Irrungen_Wirrungen.txt.tsv
Freund Dörr,1,DEU059_Irrungen_Wirrungen.txt.tsv
len,1,DEU059_Irrungen_Wirrungen.txt.tsv
Frau Mama,1,DEU059_Irrungen_Wirrungen.txt.tsv
Komtesse Lene,1,DEU059_Irrungen_Wirrungen.txt.tsv
Vicky,1,DEU059_Irrungen_Wirrungen.txt.tsv
Victoria,1,DEU059_Irrungen_Wirrungen.txt.tsv
Lenechen,1,DEU059_Irrungen_Wirrungen.txt.tsv
Mutter nimptschen,1,DEU059_Irrungen_Wirrungen.txt.tsv
Baron Botho von Rienäcker,1,DEU059_Irrungen_Wirrungen.txt.tsv
Baron bothosch,1,DEU059_Irrungen_Wirrungen.txt.tsv
Borchardt,1,DEU059_Irrungen_Wirrungen.txt.tsv
Lenes,1,DEU059_Irrungen_Wirrungen.txt.tsv
Abelone,38,DEU079_Die_Aufzeichnungen_des_Malte_Laurids_Brigge.txt.tsv
Maman,34,DEU079_Die_Aufzeichnungen_des_Malte_Laurids_Brigge.txt.tsv
Gott,17,DEU079_Die_Aufzeichnungen_des_Malte_Laurids_Brigge.txt.tsv
Sieversen,12,DEU079_Die_Aufzeichnungen_des_Malte_Laurids_Brigge.txt.tsv
Nikolaj Kusmitsch,11,DEU079_Die_Aufzeichnungen_des_Malte_Laurids_Brigge.txt.tsv
Erik,10,DEU079_Die_Aufzeichnungen_des_Malte_Laurids_Brigge.txt.tsv
Mathilde Brahe,8,DEU079_Die_Aufzeichnungen_des_Malte_Laurids_Brigge.txt.tsv
Christine Brahe,8,DEU079_Die_Aufzeichnungen_des_Malte_Laurids_Brigge.txt.tsv
Ingeborg,8,DEU079_Die_Aufzeichnungen_des_Malte_Laurids_Brigge.txt.tsv
Sten,8,DEU079_Die_Aufzeichnungen_des_Malte_Laurids_Brigge.txt.tsv
Malte,7,DEU079_Die_Aufzeichnungen_des_Malte_Laurids_Brigge.txt.tsv
Sophie,7,DEU079_Die_Aufzeichnungen_des_Malte_Laurids_Brigge.txt.tsv
Graf Brahe,6,DEU079_Die_Aufzeichnungen_des_Malte_Laurids_Brigge.txt.tsv
Malt,5,DEU079_Die_Aufzeichnungen_des_Malte_Laurids_Brigge.txt.tsv
Bettine,5,DEU079_Die_Aufzeichnungen_des_Malte_Laurids_Brigge.txt.tsv
Christoph Detlev,4,DEU079_Die_Aufzeichnungen_des_Malte_Laurids_Brigge.txt.tsv
maman,4,DEU079_Die_Aufzeichnungen_des_Malte_Laurids_Brigge.txt.tsv
Abelonen,4,DEU079_Die_Aufzeichnungen_des_Malte_Laurids_Brigge.txt.tsv
malte,3,DEU079_Die_Aufzeichnungen_des_Malte_Laurids_Brigge.txt.tsv
Wjera Schulin,3,DEU079_Die_Aufzeichnungen_des_Malte_Laurids_Brigge.txt.tsv
Zoë,3,DEU079_Die_Aufzeichnungen_des_Malte_Laurids_Brigge.txt.tsv
Wjera,3,DEU079_Die_Aufzeichnungen_des_Malte_Laurids_Brigge.txt.tsv
Louis-Onze,3,DEU079_Die_Aufzeichnungen_des_Malte_Laurids_Brigge.txt.tsv
Lupi,3,DEU079_Die_Aufzeichnungen_des_Malte_Laurids_Brigge.txt.tsv
Kammerherr Brigge,2,DEU079_Die_Aufzeichnungen_des_Malte_Laurids_Brigge.txt.tsv
Christoph Detlev Tod,2,DEU079_Die_Aufzeichnungen_des_Malte_Laurids_Brigge.txt.tsv
Brigge,2,DEU079_Die_Aufzeichnungen_des_Malte_Laurids_Brigge.txt.tsv
Fräulein Mathilde Brahe,2,DEU079_Die_Aufzeichnungen_des_Malte_Laurids_Brigge.txt.tsv
Fräulein Brahe,2,DEU079_Die_Aufzeichnungen_des_Malte_Laurids_Brigge.txt.tsv
-,2,DEU079_Die_Aufzeichnungen_des_Malte_Laurids_Brigge.txt.tsv
Fräulein Mathilde,2,DEU079_Die_Aufzeichnungen_des_Malte_Laurids_Brigge.txt.tsv
Georg,2,DEU079_Die_Aufzeichnungen_des_Malte_Laurids_Brigge.txt.tsv
Dr. Jespersen,2,DEU079_Die_Aufzeichnungen_des_Malte_Laurids_Brigge.txt.tsv
Christian der vierte,2,DEU079_Die_Aufzeichnungen_des_Malte_Laurids_Brigge.txt.tsv
Erik Brahe,2,DEU079_Die_Aufzeichnungen_des_Malte_Laurids_Brigge.txt.tsv
Frau Margarete Brigge,2,DEU079_Die_Aufzeichnungen_des_Malte_Laurids_Brigge.txt.tsv
Sophie Oxe,2,DEU079_Die_Aufzeichnungen_des_Malte_Laurids_Brigge.txt.tsv
Gaspara Stampa,2,DEU079_Die_Aufzeichnungen_des_Malte_Laurids_Brigge.txt.tsv
Graf Schulin,2,DEU079_Die_Aufzeichnungen_des_Malte_Laurids_Brigge.txt.tsv
Julie Reventlow,2,DEU079_Die_Aufzeichnungen_des_Malte_Laurids_Brigge.txt.tsv
Schuiskij,2,DEU079_Die_Aufzeichnungen_des_Malte_Laurids_Brigge.txt.tsv
Sappho,2,DEU079_Die_Aufzeichnungen_des_Malte_Laurids_Brigge.txt.tsv
Louise Labbé,2,DEU079_Die_Aufzeichnungen_des_Malte_Laurids_Brigge.txt.tsv
Madame Legrand,1,DEU079_Die_Aufzeichnungen_des_Malte_Laurids_Brigge.txt.tsv
König Chlodwig,1,DEU079_Die_Aufzeichnungen_des_Malte_Laurids_Brigge.txt.tsv
Kammerherr Christoph Detlev Brigge,1,DEU079_Die_Aufzeichnungen_des_Malte_Laurids_Brigge.txt.tsv
Christoph Detlev Brigge,1,DEU079_Die_Aufzeichnungen_des_Malte_Laurids_Brigge.txt.tsv
Baron Nolde,1,DEU079_Die_Aufzeichnungen_des_Malte_Laurids_Brigge.txt.tsv
Gräfin Sibyll,1,DEU079_Die_Aufzeichnungen_des_Malte_Laurids_Brigge.txt.tsv
Anna Sophie,1,DEU079_Die_Aufzeichnungen_des_Malte_Laurids_Brigge.txt.tsv
Großkanzler Conrad Reventlow Tochter,1,DEU079_Die_Aufzeichnungen_des_Malte_Laurids_Brigge.txt.tsv
Friedrich der vierter,1,DEU079_Die_Aufzeichnungen_des_Malte_Laurids_Brigge.txt.tsv
Christin,1,DEU079_Die_Aufzeichnungen_des_Malte_Laurids_Brigge.txt.tsv
Baudelaire,1,DEU079_Die_Aufzeichnungen_des_Malte_Laurids_Brigge.txt.tsv
Flaubert,1,DEU079_Die_Aufzeichnungen_des_Malte_Laurids_Brigge.txt.tsv
ingeborgs,1,DEU079_Die_Aufzeichnungen_des_Malte_Laurids_Brigge.txt.tsv
Gräfin Öllegaard Skeel,1,DEU079_Die_Aufzeichnungen_des_Malte_Laurids_Brigge.txt.tsv
Cavalier,1,DEU079_Die_Aufzeichnungen_des_Malte_Laurids_Brigge.txt.tsv
Mademoiselle,1,DEU079_Die_Aufzeichnungen_des_Malte_Laurids_Brigge.txt.tsv
Admiral Juel,1,DEU079_Die_Aufzeichnungen_des_Malte_Laurids_Brigge.txt.tsv
Jeanne -,1,DEU079_Die_Aufzeichnungen_des_Malte_Laurids_Brigge.txt.tsv
Sieverse,1,DEU079_Die_Aufzeichnungen_des_Malte_Laurids_Brigge.txt.tsv
Prediger Dr. Jespersen,1,DEU079_Die_Aufzeichnungen_des_Malte_Laurids_Brigge.txt.tsv
Rebekka,1,DEU079_Die_Aufzeichnungen_des_Malte_Laurids_Brigge.txt.tsv
Lavater,1,DEU079_Die_Aufzeichnungen_des_Malte_Laurids_Brigge.txt.tsv
Grafen Christian Brahe,1,DEU079_Die_Aufzeichnungen_des_Malte_Laurids_Brigge.txt.tsv
Grafen Christian,1,DEU079_Die_Aufzeichnungen_des_Malte_Laurids_Brigge.txt.tsv
Kirstine Munk,1,DEU079_Die_Aufzeichnungen_des_Malte_Laurids_Brigge.txt.tsv
Frau Ellen Marsvin,1,DEU079_Die_Aufzeichnungen_des_Malte_Laurids_Brigge.txt.tsv
König Christian,1,DEU079_Die_Aufzeichnungen_des_Malte_Laurids_Brigge.txt.tsv
Eleonor,1,DEU079_Die_Aufzeichnungen_des_Malte_Laurids_Brigge.txt.tsv
Gyldenlöve,1,DEU079_Die_Aufzeichnungen_des_Malte_Laurids_Brigge.txt.tsv
Hans Ulrik,1,DEU079_Die_Aufzeichnungen_des_Malte_Laurids_Brigge.txt.tsv
Ulrik Christian,1,DEU079_Die_Aufzeichnungen_des_Malte_Laurids_Brigge.txt.tsv
Ulfeld,1,DEU079_Die_Aufzeichnungen_des_Malte_Laurids_Brigge.txt.tsv
Henrik Holck,1,DEU079_Die_Aufzeichnungen_des_Malte_Laurids_Brigge.txt.tsv
Jungfrau Hilleborg Krafse,1,DEU079_Die_Aufzeichnungen_des_Malte_Laurids_Brigge.txt.tsv
Herzog Ulrich,1,DEU079_Die_Aufzeichnungen_des_Malte_Laurids_Brigge.txt.tsv
Otte Brahe,1,DEU079_Die_Aufzeichnungen_des_Malte_Laurids_Brigge.txt.tsv
Claus Daa,1,DEU079_Die_Aufzeichnungen_des_Malte_Laurids_Brigge.txt.tsv
Sten Rosensparre,1,DEU079_Die_Aufzeichnungen_des_Malte_Laurids_Brigge.txt.tsv
Bille,1,DEU079_Die_Aufzeichnungen_des_Malte_Laurids_Brigge.txt.tsv
Rosenkrantz,1,DEU079_Die_Aufzeichnungen_des_Malte_Laurids_Brigge.txt.tsv
Gräfin Brahe,1,DEU079_Die_Aufzeichnungen_des_Malte_Laurids_Brigge.txt.tsv
Felix Lichnowski,1,DEU079_Die_Aufzeichnungen_des_Malte_Laurids_Brigge.txt.tsv
Fräulein Oxe,1,DEU079_Die_Aufzeichnungen_des_Malte_Laurids_Brigge.txt.tsv
Ulsgaard,1,DEU079_Die_Aufzeichnungen_des_Malte_Laurids_Brigge.txt.tsv
Dame - - -,1,DEU079_Die_Aufzeichnungen_des_Malte_Laurids_Brigge.txt.tsv
Delle Viste,1,DEU079_Die_Aufzeichnungen_des_Malte_Laurids_Brigge.txt.tsv
Pierre d'Aubusson,1,DEU079_Die_Aufzeichnungen_des_Malte_Laurids_Brigge.txt.tsv
Schulin sich,1,DEU079_Die_Aufzeichnungen_des_Malte_Laurids_Brigge.txt.tsv
Schulin,1,DEU079_Die_Aufzeichnungen_des_Malte_Laurids_Brigge.txt.tsv
abelone,1,DEU079_Die_Aufzeichnungen_des_Malte_Laurids_Brigge.txt.tsv
Familie stens,1,DEU079_Die_Aufzeichnungen_des_Malte_Laurids_Brigge.txt.tsv
Saint-Germain,1,DEU079_Die_Aufzeichnungen_des_Malte_Laurids_Brigge.txt.tsv
Marquis von Belmare,1,DEU079_Die_Aufzeichnungen_des_Malte_Laurids_Brigge.txt.tsv
Belmare,1,DEU079_Die_Aufzeichnungen_des_Malte_Laurids_Brigge.txt.tsv
Belmar,1,DEU079_Die_Aufzeichnungen_des_Malte_Laurids_Brigge.txt.tsv
Komtesse Abel,1,DEU079_Die_Aufzeichnungen_des_Malte_Laurids_Brigge.txt.tsv
Gräfin Reventlow,1,DEU079_Die_Aufzeichnungen_des_Malte_Laurids_Brigge.txt.tsv
Ilse,948,DEU030_Die_verlorene_Handschrift.txt.tsv
Laura,378,DEU030_Die_verlorene_Handschrift.txt.tsv
Herr Hummel,283,DEU030_Die_verlorene_Handschrift.txt.tsv
Gabriel,273,DEU030_Die_verlorene_Handschrift.txt.tsv
Fritz,168,DEU030_Die_verlorene_Handschrift.txt.tsv
Hummel,165,DEU030_Die_verlorene_Handschrift.txt.tsv
Felix,122,DEU030_Die_verlorene_Handschrift.txt.tsv
Raschke,97,DEU030_Die_verlorene_Handschrift.txt.tsv
Struvelius,80,DEU030_Die_verlorene_Handschrift.txt.tsv
Herr Hahn,59,DEU030_Die_verlorene_Handschrift.txt.tsv
Victor,54,DEU030_Die_verlorene_Handschrift.txt.tsv
Werner,52,DEU030_Die_verlorene_Handschrift.txt.tsv
Frau Hummel,39,DEU030_Die_verlorene_Handschrift.txt.tsv
Benno,39,DEU030_Die_verlorene_Handschrift.txt.tsv
Knips,36,DEU030_Die_verlorene_Handschrift.txt.tsv
Siddy,33,DEU030_Die_verlorene_Handschrift.txt.tsv
Hans,29,DEU030_Die_verlorene_Handschrift.txt.tsv
Frau Ilse,29,DEU030_Die_verlorene_Handschrift.txt.tsv
Tacitus,28,DEU030_Die_verlorene_Handschrift.txt.tsv
Frau Hahn,27,DEU030_Die_verlorene_Handschrift.txt.tsv
Fritz Hahn,26,DEU030_Die_verlorene_Handschrift.txt.tsv
Magister Knips,24,DEU030_Die_verlorene_Handschrift.txt.tsv
Prinz Victor,24,DEU030_Die_verlorene_Handschrift.txt.tsv
Knip,23,DEU030_Die_verlorene_Handschrift.txt.tsv
Ew. Hoheit,22,DEU030_Die_verlorene_Handschrift.txt.tsv
Franz,19,DEU030_Die_verlorene_Handschrift.txt.tsv
Herr Werner,19,DEU030_Die_verlorene_Handschrift.txt.tsv
Hahn,17,DEU030_Die_verlorene_Handschrift.txt.tsv
Clara,16,DEU030_Die_verlorene_Handschrift.txt.tsv
Speihahn,15,DEU030_Die_verlorene_Handschrift.txt.tsv
Krüger,15,DEU030_Die_verlorene_Handschrift.txt.tsv
Dorche,13,DEU030_Die_verlorene_Handschrift.txt.tsv
Fräulein Laura,13,DEU030_Die_verlorene_Handschrift.txt.tsv
Rollmaus,12,DEU030_Die_verlorene_Handschrift.txt.tsv
Gabriels,11,DEU030_Die_verlorene_Handschrift.txt.tsv
Professor Werner,11,DEU030_Die_verlorene_Handschrift.txt.tsv
Heinrich,10,DEU030_Die_verlorene_Handschrift.txt.tsv
-,10,DEU030_Die_verlorene_Handschrift.txt.tsv
Frau Oberamtmann,9,DEU030_Die_verlorene_Handschrift.txt.tsv
Dorchen,9,DEU030_Die_verlorene_Handschrift.txt.tsv
Frau Pathe,9,DEU030_Die_verlorene_Handschrift.txt.tsv
Professor Raschke,9,DEU030_Die_verlorene_Handschrift.txt.tsv
Tochter Laura,9,DEU030_Die_verlorene_Handschrift.txt.tsv
Familie Hahn,8,DEU030_Die_verlorene_Handschrift.txt.tsv
Benz,8,DEU030_Die_verlorene_Handschrift.txt.tsv
Thor,8,DEU030_Die_verlorene_Handschrift.txt.tsv
Susanne,7,DEU030_Die_verlorene_Handschrift.txt.tsv
Bachhuber,7,DEU030_Die_verlorene_Handschrift.txt.tsv
Billy,7,DEU030_Die_verlorene_Handschrift.txt.tsv
Frau Knips,6,DEU030_Die_verlorene_Handschrift.txt.tsv
Herr Bauer,6,DEU030_Die_verlorene_Handschrift.txt.tsv
Professor Struvelius,6,DEU030_Die_verlorene_Handschrift.txt.tsv
Madame Hummel,6,DEU030_Die_verlorene_Handschrift.txt.tsv
Frau Venus,6,DEU030_Die_verlorene_Handschrift.txt.tsv
Armine,6,DEU030_Die_verlorene_Handschrift.txt.tsv
Frau Aurelie,6,DEU030_Die_verlorene_Handschrift.txt.tsv
Ilsen,5,DEU030_Die_verlorene_Handschrift.txt.tsv
dorchen,5,DEU030_Die_verlorene_Handschrift.txt.tsv
Frau Professor Struvelius,5,DEU030_Die_verlorene_Handschrift.txt.tsv
Frau Struvelius,5,DEU030_Die_verlorene_Handschrift.txt.tsv
Günther,5,DEU030_Die_verlorene_Handschrift.txt.tsv
Humboldt,5,DEU030_Die_verlorene_Handschrift.txt.tsv
Xerxes,5,DEU030_Die_verlorene_Handschrift.txt.tsv
Weidegg,5,DEU030_Die_verlorene_Handschrift.txt.tsv
Julia,5,DEU030_Die_verlorene_Handschrift.txt.tsv
Dorothee,5,DEU030_Die_verlorene_Handschrift.txt.tsv
Tiberius,5,DEU030_Die_verlorene_Handschrift.txt.tsv
Familie Hummel,4,DEU030_Die_verlorene_Handschrift.txt.tsv
Felix Werner,4,DEU030_Die_verlorene_Handschrift.txt.tsv
Magister Knip,4,DEU030_Die_verlorene_Handschrift.txt.tsv
Luise,4,DEU030_Die_verlorene_Handschrift.txt.tsv
Karl,4,DEU030_Die_verlorene_Handschrift.txt.tsv
Schwester Clara,4,DEU030_Die_verlorene_Handschrift.txt.tsv
Rothe,4,DEU030_Die_verlorene_Handschrift.txt.tsv
Frau Raschke,4,DEU030_Die_verlorene_Handschrift.txt.tsv
Herr Professor Raschke,4,DEU030_Die_verlorene_Handschrift.txt.tsv
Herr Professor Werner,4,DEU030_Die_verlorene_Handschrift.txt.tsv
Dero,4,DEU030_Die_verlorene_Handschrift.txt.tsv
H. Hummel,4,DEU030_Die_verlorene_Handschrift.txt.tsv
Aurelie,4,DEU030_Die_verlorene_Handschrift.txt.tsv
Bertha,4,DEU030_Die_verlorene_Handschrift.txt.tsv
Armin,4,DEU030_Die_verlorene_Handschrift.txt.tsv
ewen Hoheit,4,DEU030_Die_verlorene_Handschrift.txt.tsv
Tanhaus,4,DEU030_Die_verlorene_Handschrift.txt.tsv
Kastellan,4,DEU030_Die_verlorene_Handschrift.txt.tsv
Luther,3,DEU030_Die_verlorene_Handschrift.txt.tsv
Augustus,3,DEU030_Die_verlorene_Handschrift.txt.tsv
Frater Tobias Bachhuber,3,DEU030_Die_verlorene_Handschrift.txt.tsv
Bruder Tobias Bachhuber,3,DEU030_Die_verlorene_Handschrift.txt.tsv
Frater Tobias,3,DEU030_Die_verlorene_Handschrift.txt.tsv
Schiller,3,DEU030_Die_verlorene_Handschrift.txt.tsv
Nero,3,DEU030_Die_verlorene_Handschrift.txt.tsv
Frau Oberamtmann Rollmaus,3,DEU030_Die_verlorene_Handschrift.txt.tsv
Oberamtmann Rollmaus,3,DEU030_Die_verlorene_Handschrift.txt.tsv
Frau Rollmaus,3,DEU030_Die_verlorene_Handschrift.txt.tsv
Herr Doctor,3,DEU030_Die_verlorene_Handschrift.txt.tsv
Philippine,3,DEU030_Die_verlorene_Handschrift.txt.tsv
Markthelfer Rothe,3,DEU030_Die_verlorene_Handschrift.txt.tsv
Andreas,3,DEU030_Die_verlorene_Handschrift.txt.tsv
Elisabeth,3,DEU030_Die_verlorene_Handschrift.txt.tsv
Georg,1039,DEU094_Der_Weg_ins_Freie.txt.tsv
Anna,439,DEU094_Der_Weg_ins_Freie.txt.tsv
Heinrich,362,DEU094_Der_Weg_ins_Freie.txt.tsv
Georg.,137,DEU094_Der_Weg_ins_Freie.txt.tsv
Therese,125,DEU094_Der_Weg_ins_Freie.txt.tsv
Else,115,DEU094_Der_Weg_ins_Freie.txt.tsv
Nürnberger,103,DEU094_Der_Weg_ins_Freie.txt.tsv
Felician,101,DEU094_Der_Weg_ins_Freie.txt.tsv
Leo,96,DEU094_Der_Weg_ins_Freie.txt.tsv
Frau Ehrenberg,72,DEU094_Der_Weg_ins_Freie.txt.tsv
Demeter,63,DEU094_Der_Weg_ins_Freie.txt.tsv
Berthold,60,DEU094_Der_Weg_ins_Freie.txt.tsv
Doktor Stauber,51,DEU094_Der_Weg_ins_Freie.txt.tsv
Ehrenberg,45,DEU094_Der_Weg_ins_Freie.txt.tsv
Oskar,43,DEU094_Der_Weg_ins_Freie.txt.tsv
Willy,40,DEU094_Der_Weg_ins_Freie.txt.tsv
Sissy,36,DEU094_Der_Weg_ins_Freie.txt.tsv
Frau Golowski,36,DEU094_Der_Weg_ins_Freie.txt.tsv
Frau Rosner,34,DEU094_Der_Weg_ins_Freie.txt.tsv
Josef,29,DEU094_Der_Weg_ins_Freie.txt.tsv
Herr Rosner,29,DEU094_Der_Weg_ins_Freie.txt.tsv
Bermann,24,DEU094_Der_Weg_ins_Freie.txt.tsv
Leo Golowski,24,DEU094_Der_Weg_ins_Freie.txt.tsv
Ägidius,24,DEU094_Der_Weg_ins_Freie.txt.tsv
Frau Oberberger,20,DEU094_Der_Weg_ins_Freie.txt.tsv
Grace,19,DEU094_Der_Weg_ins_Freie.txt.tsv
Fräulein Else,19,DEU094_Der_Weg_ins_Freie.txt.tsv
Heinrich Bermann,19,DEU094_Der_Weg_ins_Freie.txt.tsv
Willy Eißler,18,DEU094_Der_Weg_ins_Freie.txt.tsv
Labinski,17,DEU094_Der_Weg_ins_Freie.txt.tsv
James,16,DEU094_Der_Weg_ins_Freie.txt.tsv
Eißler,15,DEU094_Der_Weg_ins_Freie.txt.tsv
Rosner,14,DEU094_Der_Weg_ins_Freie.txt.tsv
Skelton,14,DEU094_Der_Weg_ins_Freie.txt.tsv
Oskar Ehrenberg,13,DEU094_Der_Weg_ins_Freie.txt.tsv
Herr Baron,12,DEU094_Der_Weg_ins_Freie.txt.tsv
Stanzides,12,DEU094_Der_Weg_ins_Freie.txt.tsv
Demeter Stanzides,11,DEU094_Der_Weg_ins_Freie.txt.tsv
Breitner,11,DEU094_Der_Weg_ins_Freie.txt.tsv
Winternitz,11,DEU094_Der_Weg_ins_Freie.txt.tsv
Fräulein Anna,10,DEU094_Der_Weg_ins_Freie.txt.tsv
Golowski,10,DEU094_Der_Weg_ins_Freie.txt.tsv
Amy,10,DEU094_Der_Weg_ins_Freie.txt.tsv
Anna Rosner,9,DEU094_Der_Weg_ins_Freie.txt.tsv
Hofrat Wilt,9,DEU094_Der_Weg_ins_Freie.txt.tsv
Herr Ehrenberg,9,DEU094_Der_Weg_ins_Freie.txt.tsv
Baron Wergenthin,8,DEU094_Der_Weg_ins_Freie.txt.tsv
Guido,8,DEU094_Der_Weg_ins_Freie.txt.tsv
Annas,8,DEU094_Der_Weg_ins_Freie.txt.tsv
-,7,DEU094_Der_Weg_ins_Freie.txt.tsv
Jalaudek,6,DEU094_Der_Weg_ins_Freie.txt.tsv
Doktor Berthold,6,DEU094_Der_Weg_ins_Freie.txt.tsv
Therese Golowski,6,DEU094_Der_Weg_ins_Freie.txt.tsv
Herr Bermann,6,DEU094_Der_Weg_ins_Freie.txt.tsv
Leos,6,DEU094_Der_Weg_ins_Freie.txt.tsv
Rapp,6,DEU094_Der_Weg_ins_Freie.txt.tsv
Gleißner,6,DEU094_Der_Weg_ins_Freie.txt.tsv
Stauber,6,DEU094_Der_Weg_ins_Freie.txt.tsv
Ralph Skelton,5,DEU094_Der_Weg_ins_Freie.txt.tsv
Else Ehrenberg,5,DEU094_Der_Weg_ins_Freie.txt.tsv
Marianne,5,DEU094_Der_Weg_ins_Freie.txt.tsv
Wilt,5,DEU094_Der_Weg_ins_Freie.txt.tsv
Heliodor,5,DEU094_Der_Weg_ins_Freie.txt.tsv
Georg von Wergenthin,4,DEU094_Der_Weg_ins_Freie.txt.tsv
Baron,4,DEU094_Der_Weg_ins_Freie.txt.tsv
Annerl,4,DEU094_Der_Weg_ins_Freie.txt.tsv
Demeter Stanzide,4,DEU094_Der_Weg_ins_Freie.txt.tsv
Doktor von Breitner,4,DEU094_Der_Weg_ins_Freie.txt.tsv
Frau Wyner,4,DEU094_Der_Weg_ins_Freie.txt.tsv
Theresen,4,DEU094_Der_Weg_ins_Freie.txt.tsv
Guido Schönstein,4,DEU094_Der_Weg_ins_Freie.txt.tsv
Marie,4,DEU094_Der_Weg_ins_Freie.txt.tsv
Salomon,3,DEU094_Der_Weg_ins_Freie.txt.tsv
Bellini,3,DEU094_Der_Weg_ins_Freie.txt.tsv
Fräulein Bellini,3,DEU094_Der_Weg_ins_Freie.txt.tsv
Stanzide,3,DEU094_Der_Weg_ins_Freie.txt.tsv
Georg Wergenthin,3,DEU094_Der_Weg_ins_Freie.txt.tsv
Fräulein Therese,3,DEU094_Der_Weg_ins_Freie.txt.tsv
Herzog Heliodor,3,DEU094_Der_Weg_ins_Freie.txt.tsv
Nietzsche,3,DEU094_Der_Weg_ins_Freie.txt.tsv
Herr Eißler,3,DEU094_Der_Weg_ins_Freie.txt.tsv
Rosners,3,DEU094_Der_Weg_ins_Freie.txt.tsv
Grafen Malnitz,3,DEU094_Der_Weg_ins_Freie.txt.tsv
Freund Heinrich,3,DEU094_Der_Weg_ins_Freie.txt.tsv
Tristan,3,DEU094_Der_Weg_ins_Freie.txt.tsv
Oberleutnant Sefranek,3,DEU094_Der_Weg_ins_Freie.txt.tsv
James Wyner,3,DEU094_Der_Weg_ins_Freie.txt.tsv
Micaela,3,DEU094_Der_Weg_ins_Freie.txt.tsv
Grafen Schönstein,2,DEU094_Der_Weg_ins_Freie.txt.tsv
Rittmeister Ladisc,2,DEU094_Der_Weg_ins_Freie.txt.tsv
S.,2,DEU094_Der_Weg_ins_Freie.txt.tsv
Sohn Oskar,2,DEU094_Der_Weg_ins_Freie.txt.tsv
Familie Golowski,2,DEU094_Der_Weg_ins_Freie.txt.tsv
Sissy Wyner,2,DEU094_Der_Weg_ins_Freie.txt.tsv
Edmund Nürnberger,2,DEU094_Der_Weg_ins_Freie.txt.tsv
Schubert,2,DEU094_Der_Weg_ins_Freie.txt.tsv
Wyners,2,DEU094_Der_Weg_ins_Freie.txt.tsv
Baron Georg,2,DEU094_Der_Weg_ins_Freie.txt.tsv
Fräulein Therese Golowski,2,DEU094_Der_Weg_ins_Freie.txt.tsv
Herr Golowski,2,DEU094_Der_Weg_ins_Freie.txt.tsv
Amrei,327,DEU013_Barfüßele.txt.tsv
Johannes,164,DEU013_Barfüßele.txt.tsv
Barfüßele,158,DEU013_Barfüßele.txt.tsv
Dami,135,DEU013_Barfüßele.txt.tsv
Marann,118,DEU013_Barfüßele.txt.tsv
dami,64,DEU013_Barfüßele.txt.tsv
Rosel,41,DEU013_Barfüßele.txt.tsv
Barfüßel,29,DEU013_Barfüßele.txt.tsv
Ohm,23,DEU013_Barfüßele.txt.tsv
Johann,14,DEU013_Barfüßele.txt.tsv
Josenhans,9,DEU013_Barfüßele.txt.tsv
Gott,8,DEU013_Barfüßele.txt.tsv
Kohlenmathes,7,DEU013_Barfüßele.txt.tsv
Severin,7,DEU013_Barfüßele.txt.tsv
Josenhan,6,DEU013_Barfüßele.txt.tsv
-,6,DEU013_Barfüßele.txt.tsv
Dominik,6,DEU013_Barfüßele.txt.tsv
Lisbeth,5,DEU013_Barfüßele.txt.tsv
Brosi,4,DEU013_Barfüßele.txt.tsv
barfüßele,4,DEU013_Barfüßele.txt.tsv
Lux,4,DEU013_Barfüßele.txt.tsv
Schultheiß,3,DEU013_Barfüßele.txt.tsv
Amrei's,3,DEU013_Barfüßele.txt.tsv
Johanne,3,DEU013_Barfüßele.txt.tsv
Oberbaurath Severin,2,DEU013_Barfüßele.txt.tsv
Rodelbauer Rosel,2,DEU013_Barfüßele.txt.tsv
Agy,2,DEU013_Barfüßele.txt.tsv
Barfüßeler,2,DEU013_Barfüßele.txt.tsv
Jörg,2,DEU013_Barfüßele.txt.tsv
Landfriedbauer Johannes von Zusmarshofen,2,DEU013_Barfüßele.txt.tsv
Kohlenbrenner Mathes,1,DEU013_Barfüßele.txt.tsv
Anna Marie,1,DEU013_Barfüßele.txt.tsv
Damian,1,DEU013_Barfüßele.txt.tsv
Sohn Severin,1,DEU013_Barfüßele.txt.tsv
Zacharias,1,DEU013_Barfüßele.txt.tsv
Moni,1,DEU013_Barfüßele.txt.tsv
Aeltester,1,DEU013_Barfüßele.txt.tsv
Caspar,1,DEU013_Barfüßele.txt.tsv
Melchior,1,DEU013_Barfüßele.txt.tsv
Balthes,1,DEU013_Barfüßele.txt.tsv
Fridolin,1,DEU013_Barfüßele.txt.tsv
Johann Michael Winkler,1,DEU013_Barfüßele.txt.tsv
Johannes Winkler von Haldenbrunn,1,DEU013_Barfüßele.txt.tsv
Humpel,1,DEU013_Barfüßele.txt.tsv
Maurer Martin,1,DEU013_Barfüßele.txt.tsv
Kohlenmath,1,DEU013_Barfüßele.txt.tsv
Columbus,1,DEU013_Barfüßele.txt.tsv
Ameil,1,DEU013_Barfüßele.txt.tsv
Furchenbäuerin Ameile,1,DEU013_Barfüßele.txt.tsv
Amrei von Siebenhof,1,DEU013_Barfüßele.txt.tsv
Ameile,1,DEU013_Barfüßele.txt.tsv
Landjäger Amrei,1,DEU013_Barfüßele.txt.tsv
Gypsmüllerin Monika,1,DEU013_Barfüßele.txt.tsv
Schneiderjörg,1,DEU013_Barfüßele.txt.tsv
Auerhahnwirth,1,DEU013_Barfüßele.txt.tsv
Enzian-Valentin,1,DEU013_Barfüßele.txt.tsv
amrei,1,DEU013_Barfüßele.txt.tsv
Bafüßele,1,DEU013_Barfüßele.txt.tsv
Mathes,1,DEU013_Barfüßele.txt.tsv
Johannes Allerlei,1,DEU013_Barfüßele.txt.tsv
barfüßeln,1,DEU013_Barfüßele.txt.tsv
Barfüßle,1,DEU013_Barfüßele.txt.tsv
Kukuk,1,DEU013_Barfüßele.txt.tsv
Schimmelreiter,1,DEU013_Barfüßele.txt.tsv
Josenhansen,1,DEU013_Barfüßele.txt.tsv
Euer Johannes,1,DEU013_Barfüßele.txt.tsv
Cordula Katharina,1,DEU013_Barfüßele.txt.tsv
Amrei Josenhan von Haldenbrunn,1,DEU013_Barfüßele.txt.tsv
Annehmer Amrei's,1,DEU013_Barfüßele.txt.tsv
dann,1,DEU013_Barfüßele.txt.tsv
Josenhans von Haldenbrunn,1,DEU013_Barfüßele.txt.tsv
Damian von Geierhorst,1,DEU013_Barfüßele.txt.tsv
der Josenhansen von Geierhorst,1,DEU013_Barfüßele.txt.tsv
Landfriedbauer Johannes,1,DEU013_Barfüßele.txt.tsv
Barbara,1,DEU013_Barfüßele.txt.tsv
Leonhart,390,DEU061_Größenwahn_ELTeC_ausgabe.txt.tsv
Rother,248,DEU061_Größenwahn_ELTeC_ausgabe.txt.tsv
Krastinik,243,DEU061_Größenwahn_ELTeC_ausgabe.txt.tsv
Schmoller,110,DEU061_Größenwahn_ELTeC_ausgabe.txt.tsv
Kathi,98,DEU061_Größenwahn_ELTeC_ausgabe.txt.tsv
Napoleon,37,DEU061_Größenwahn_ELTeC_ausgabe.txt.tsv
Eduard,33,DEU061_Größenwahn_ELTeC_ausgabe.txt.tsv
Holbach,30,DEU061_Größenwahn_ELTeC_ausgabe.txt.tsv
Xaver,29,DEU061_Größenwahn_ELTeC_ausgabe.txt.tsv
Annesley,29,DEU061_Größenwahn_ELTeC_ausgabe.txt.tsv
Cäsar,28,DEU061_Größenwahn_ELTeC_ausgabe.txt.tsv
Eugen,26,DEU061_Größenwahn_ELTeC_ausgabe.txt.tsv
Shakespeare,25,DEU061_Größenwahn_ELTeC_ausgabe.txt.tsv
Catilina,25,DEU061_Größenwahn_ELTeC_ausgabe.txt.tsv
-,24,DEU061_Größenwahn_ELTeC_ausgabe.txt.tsv
Goethe,24,DEU061_Größenwahn_ELTeC_ausgabe.txt.tsv
Bismarck,23,DEU061_Größenwahn_ELTeC_ausgabe.txt.tsv
Lady Dorrington,22,DEU061_Größenwahn_ELTeC_ausgabe.txt.tsv
Dorrington,21,DEU061_Größenwahn_ELTeC_ausgabe.txt.tsv
Wolffert,21,DEU061_Größenwahn_ELTeC_ausgabe.txt.tsv
Bammer,20,DEU061_Größenwahn_ELTeC_ausgabe.txt.tsv
Dondershausen,20,DEU061_Größenwahn_ELTeC_ausgabe.txt.tsv
Cromwell,19,DEU061_Größenwahn_ELTeC_ausgabe.txt.tsv
Schiller,17,DEU061_Größenwahn_ELTeC_ausgabe.txt.tsv
Feichseler,17,DEU061_Größenwahn_ELTeC_ausgabe.txt.tsv
Wursteler,16,DEU061_Größenwahn_ELTeC_ausgabe.txt.tsv
Gott,16,DEU061_Größenwahn_ELTeC_ausgabe.txt.tsv
Byron,14,DEU061_Größenwahn_ELTeC_ausgabe.txt.tsv
Frau Lämmers,14,DEU061_Größenwahn_ELTeC_ausgabe.txt.tsv
Mary,14,DEU061_Größenwahn_ELTeC_ausgabe.txt.tsv
Paulus,14,DEU061_Größenwahn_ELTeC_ausgabe.txt.tsv
Wurmb,14,DEU061_Größenwahn_ELTeC_ausgabe.txt.tsv
Edelmann,14,DEU061_Größenwahn_ELTeC_ausgabe.txt.tsv
Cicero,14,DEU061_Größenwahn_ELTeC_ausgabe.txt.tsv
Egremont,13,DEU061_Größenwahn_ELTeC_ausgabe.txt.tsv
Rafael,13,DEU061_Größenwahn_ELTeC_ausgabe.txt.tsv
Lämmerschreyer,13,DEU061_Größenwahn_ELTeC_ausgabe.txt.tsv
Luckner,12,DEU061_Größenwahn_ELTeC_ausgabe.txt.tsv
Fulvia,12,DEU061_Größenwahn_ELTeC_ausgabe.txt.tsv
Clodius,12,DEU061_Größenwahn_ELTeC_ausgabe.txt.tsv
CÄSAR,12,DEU061_Größenwahn_ELTeC_ausgabe.txt.tsv
Herr Rother,11,DEU061_Größenwahn_ELTeC_ausgabe.txt.tsv
Mowbray,11,DEU061_Größenwahn_ELTeC_ausgabe.txt.tsv
Herr Graf,11,DEU061_Größenwahn_ELTeC_ausgabe.txt.tsv
Haubitz,11,DEU061_Größenwahn_ELTeC_ausgabe.txt.tsv
Crassus,11,DEU061_Größenwahn_ELTeC_ausgabe.txt.tsv
Miß Maud,10,DEU061_Größenwahn_ELTeC_ausgabe.txt.tsv
Miß Alice,10,DEU061_Größenwahn_ELTeC_ausgabe.txt.tsv
Alice,10,DEU061_Größenwahn_ELTeC_ausgabe.txt.tsv
Graf Krastinik,10,DEU061_Größenwahn_ELTeC_ausgabe.txt.tsv
Zola,10,DEU061_Größenwahn_ELTeC_ausgabe.txt.tsv
Luther,10,DEU061_Größenwahn_ELTeC_ausgabe.txt.tsv
Caesar,10,DEU061_Größenwahn_ELTeC_ausgabe.txt.tsv
Schnapphahnitzkoy,10,DEU061_Größenwahn_ELTeC_ausgabe.txt.tsv
Graf Xaver Krastinik,9,DEU061_Größenwahn_ELTeC_ausgabe.txt.tsv
Eberhart,9,DEU061_Größenwahn_ELTeC_ausgabe.txt.tsv
Christus,9,DEU061_Größenwahn_ELTeC_ausgabe.txt.tsv
Bonaparte,9,DEU061_Größenwahn_ELTeC_ausgabe.txt.tsv
Ella,9,DEU061_Größenwahn_ELTeC_ausgabe.txt.tsv
Lord Dorrington,8,DEU061_Größenwahn_ELTeC_ausgabe.txt.tsv
Lord Byron,8,DEU061_Größenwahn_ELTeC_ausgabe.txt.tsv
Eduard Rother,8,DEU061_Größenwahn_ELTeC_ausgabe.txt.tsv
Henry Francis Annesley,8,DEU061_Größenwahn_ELTeC_ausgabe.txt.tsv
Herr Leonhart,8,DEU061_Größenwahn_ELTeC_ausgabe.txt.tsv
Pompeia,8,DEU061_Größenwahn_ELTeC_ausgabe.txt.tsv
Mr. Egremont,7,DEU061_Größenwahn_ELTeC_ausgabe.txt.tsv
Mrs. O'Donnogan,7,DEU061_Größenwahn_ELTeC_ausgabe.txt.tsv
Herr Bammer,7,DEU061_Größenwahn_ELTeC_ausgabe.txt.tsv
Frau Lämmer,7,DEU061_Größenwahn_ELTeC_ausgabe.txt.tsv
Venus,7,DEU061_Größenwahn_ELTeC_ausgabe.txt.tsv
Andre,7,DEU061_Größenwahn_ELTeC_ausgabe.txt.tsv
Eugen Wolffert,7,DEU061_Größenwahn_ELTeC_ausgabe.txt.tsv
Josefa,7,DEU061_Größenwahn_ELTeC_ausgabe.txt.tsv
Heinrich,7,DEU061_Größenwahn_ELTeC_ausgabe.txt.tsv
Gambetta,7,DEU061_Größenwahn_ELTeC_ausgabe.txt.tsv
Richard Wagner,7,DEU061_Größenwahn_ELTeC_ausgabe.txt.tsv
Friedrich,7,DEU061_Größenwahn_ELTeC_ausgabe.txt.tsv
Sulla,7,DEU061_Größenwahn_ELTeC_ausgabe.txt.tsv
Knaller,7,DEU061_Größenwahn_ELTeC_ausgabe.txt.tsv
Wanda,7,DEU061_Größenwahn_ELTeC_ausgabe.txt.tsv
Lutsch,7,DEU061_Größenwahn_ELTeC_ausgabe.txt.tsv
Graf Xaver,6,DEU061_Größenwahn_ELTeC_ausgabe.txt.tsv
Maud,6,DEU061_Größenwahn_ELTeC_ausgabe.txt.tsv
O'Donnogan,6,DEU061_Größenwahn_ELTeC_ausgabe.txt.tsv
Merlin,6,DEU061_Größenwahn_ELTeC_ausgabe.txt.tsv
Herr Kohlrausch,6,DEU061_Größenwahn_ELTeC_ausgabe.txt.tsv
Kneifer-Mary,6,DEU061_Größenwahn_ELTeC_ausgabe.txt.tsv
Carlyle,6,DEU061_Größenwahn_ELTeC_ausgabe.txt.tsv
Goodenough,6,DEU061_Größenwahn_ELTeC_ausgabe.txt.tsv
Freund Leonhart,6,DEU061_Größenwahn_ELTeC_ausgabe.txt.tsv
Darwin,6,DEU061_Größenwahn_ELTeC_ausgabe.txt.tsv
Friedrich Leonhart,6,DEU061_Größenwahn_ELTeC_ausgabe.txt.tsv
Herr von Lämmerschreyer,6,DEU061_Größenwahn_ELTeC_ausgabe.txt.tsv
Voltaire,6,DEU061_Größenwahn_ELTeC_ausgabe.txt.tsv
Gutmann,6,DEU061_Größenwahn_ELTeC_ausgabe.txt.tsv
Fräulein Kreutzner,5,DEU061_Größenwahn_ELTeC_ausgabe.txt.tsv
Emmy,5,DEU061_Größenwahn_ELTeC_ausgabe.txt.tsv
Kohlrausch,5,DEU061_Größenwahn_ELTeC_ausgabe.txt.tsv
Mac Mahon,5,DEU061_Größenwahn_ELTeC_ausgabe.txt.tsv
Mozart,5,DEU061_Größenwahn_ELTeC_ausgabe.txt.tsv
Peter,88,DEU072_Im_alten_Eisen.txt.tsv
Peter Uhusen,67,DEU072_Im_alten_Eisen.txt.tsv
Mutter Cruse,67,DEU072_Im_alten_Eisen.txt.tsv
Frau Wendeline,48,DEU072_Im_alten_Eisen.txt.tsv
Albin,42,DEU072_Im_alten_Eisen.txt.tsv
Leutnant Hegewisch,41,DEU072_Im_alten_Eisen.txt.tsv
Uhusen,36,DEU072_Im_alten_Eisen.txt.tsv
Rotkäppchen,34,DEU072_Im_alten_Eisen.txt.tsv
Witwe Wermuth,23,DEU072_Im_alten_Eisen.txt.tsv
Herr Schmied,19,DEU072_Im_alten_Eisen.txt.tsv
Rupfer,18,DEU072_Im_alten_Eisen.txt.tsv
Frau Wendeline Cruse,18,DEU072_Im_alten_Eisen.txt.tsv
Hofrat Dr. Brokenkorb,16,DEU072_Im_alten_Eisen.txt.tsv
Herr Hofrat,16,DEU072_Im_alten_Eisen.txt.tsv
Paulchen,12,DEU072_Im_alten_Eisen.txt.tsv
Hofrat Dr. Albin Brokenkorb,11,DEU072_Im_alten_Eisen.txt.tsv
Hofrat Brokenkorb,10,DEU072_Im_alten_Eisen.txt.tsv
Mama Cruse,10,DEU072_Im_alten_Eisen.txt.tsv
Lochner,10,DEU072_Im_alten_Eisen.txt.tsv
Paule,9,DEU072_Im_alten_Eisen.txt.tsv
Albin Brokenkorb,9,DEU072_Im_alten_Eisen.txt.tsv
Herr Hofrat Brokenkorb,9,DEU072_Im_alten_Eisen.txt.tsv
Erdwine Hegewisch,9,DEU072_Im_alten_Eisen.txt.tsv
Doktor Berg,7,DEU072_Im_alten_Eisen.txt.tsv
Erdwinen,7,DEU072_Im_alten_Eisen.txt.tsv
Mutter -,7,DEU072_Im_alten_Eisen.txt.tsv
Fräulein Rotkäppchen,7,DEU072_Im_alten_Eisen.txt.tsv
Wolf,7,DEU072_Im_alten_Eisen.txt.tsv
Tante Gottliebe,6,DEU072_Im_alten_Eisen.txt.tsv
Paula,6,DEU072_Im_alten_Eisen.txt.tsv
Brokenkorb,5,DEU072_Im_alten_Eisen.txt.tsv
Wendeline Cruse,5,DEU072_Im_alten_Eisen.txt.tsv
Mama,4,DEU072_Im_alten_Eisen.txt.tsv
Runne,4,DEU072_Im_alten_Eisen.txt.tsv
Adele,4,DEU072_Im_alten_Eisen.txt.tsv
Herr Hofrat Dr. Brokenkorb,4,DEU072_Im_alten_Eisen.txt.tsv
Freund Albin,4,DEU072_Im_alten_Eisen.txt.tsv
Freund Brokenkorb,4,DEU072_Im_alten_Eisen.txt.tsv
Emerenz,4,DEU072_Im_alten_Eisen.txt.tsv
Erdwine,4,DEU072_Im_alten_Eisen.txt.tsv
Gott,4,DEU072_Im_alten_Eisen.txt.tsv
Virgil,4,DEU072_Im_alten_Eisen.txt.tsv
Wolf Wermuth,3,DEU072_Im_alten_Eisen.txt.tsv
Plate,3,DEU072_Im_alten_Eisen.txt.tsv
Papa Uhusen,3,DEU072_Im_alten_Eisen.txt.tsv
Frau Direktorin Cruse,3,DEU072_Im_alten_Eisen.txt.tsv
Mrs. Crusoe,3,DEU072_Im_alten_Eisen.txt.tsv
Leutnant Wolf Hegewisch,3,DEU072_Im_alten_Eisen.txt.tsv
Peterle,3,DEU072_Im_alten_Eisen.txt.tsv
Bengel,3,DEU072_Im_alten_Eisen.txt.tsv
Leutnant Wolfram Hegewisch,2,DEU072_Im_alten_Eisen.txt.tsv
Aglae,2,DEU072_Im_alten_Eisen.txt.tsv
Josepha,2,DEU072_Im_alten_Eisen.txt.tsv
Hofrat Albin Brokenkorb,2,DEU072_Im_alten_Eisen.txt.tsv
Freund Uhusen,2,DEU072_Im_alten_Eisen.txt.tsv
Frau Senatorin Brokenkorb,2,DEU072_Im_alten_Eisen.txt.tsv
Buchhalter Uhusen,2,DEU072_Im_alten_Eisen.txt.tsv
Frau Leutnant,2,DEU072_Im_alten_Eisen.txt.tsv
Freund Peter,2,DEU072_Im_alten_Eisen.txt.tsv
Schmied,2,DEU072_Im_alten_Eisen.txt.tsv
Isis,2,DEU072_Im_alten_Eisen.txt.tsv
Goethe,2,DEU072_Im_alten_Eisen.txt.tsv
Hausrucker,2,DEU072_Im_alten_Eisen.txt.tsv
Herr Doktor Brokenkorb,2,DEU072_Im_alten_Eisen.txt.tsv
Satan,2,DEU072_Im_alten_Eisen.txt.tsv
Mohammed,2,DEU072_Im_alten_Eisen.txt.tsv
Cruse,2,DEU072_Im_alten_Eisen.txt.tsv
Witwe Erdwine Wermuth,2,DEU072_Im_alten_Eisen.txt.tsv
Frau Wermuth,2,DEU072_Im_alten_Eisen.txt.tsv
Freund Peter Uhusen,2,DEU072_Im_alten_Eisen.txt.tsv
Frau Erdwine,2,DEU072_Im_alten_Eisen.txt.tsv
Madam Cruse,2,DEU072_Im_alten_Eisen.txt.tsv
Erdwine Wermuth,2,DEU072_Im_alten_Eisen.txt.tsv
Frau Erdwine Wermuth,2,DEU072_Im_alten_Eisen.txt.tsv
Wolfram Wermuth,2,DEU072_Im_alten_Eisen.txt.tsv
Mutter Flebbe,2,DEU072_Im_alten_Eisen.txt.tsv
Königin Kleopatra,1,DEU072_Im_alten_Eisen.txt.tsv
Don Abbondio,1,DEU072_Im_alten_Eisen.txt.tsv
Don Rodrigo,1,DEU072_Im_alten_Eisen.txt.tsv
Rahel,1,DEU072_Im_alten_Eisen.txt.tsv
Undine,1,DEU072_Im_alten_Eisen.txt.tsv
Kühleborn,1,DEU072_Im_alten_Eisen.txt.tsv
Prinzessin Ilse,1,DEU072_Im_alten_Eisen.txt.tsv
Amphitrite,1,DEU072_Im_alten_Eisen.txt.tsv
Theti,1,DEU072_Im_alten_Eisen.txt.tsv
Nereu,1,DEU072_Im_alten_Eisen.txt.tsv
Achilleus,1,DEU072_Im_alten_Eisen.txt.tsv
Ilion,1,DEU072_Im_alten_Eisen.txt.tsv
Peleussohn,1,DEU072_Im_alten_Eisen.txt.tsv
Albinus,1,DEU072_Im_alten_Eisen.txt.tsv
Familie Uhusen,1,DEU072_Im_alten_Eisen.txt.tsv
Philosophie Brokenkorb,1,DEU072_Im_alten_Eisen.txt.tsv
Schulgenosse Peter Uhusen,1,DEU072_Im_alten_Eisen.txt.tsv
Albino,1,DEU072_Im_alten_Eisen.txt.tsv
Hanse,1,DEU072_Im_alten_Eisen.txt.tsv
Landsmann Emanuel Geibel,1,DEU072_Im_alten_Eisen.txt.tsv
Doktor Albin Brokenkorb,1,DEU072_Im_alten_Eisen.txt.tsv
Kommerzienrat Fallensleben,1,DEU072_Im_alten_Eisen.txt.tsv
Major von Grützbeutel,1,DEU072_Im_alten_Eisen.txt.tsv
Amalie,1,DEU072_Im_alten_Eisen.txt.tsv
Doralice,435,DEU097_Wellen.txt.tsv
Hans,246,DEU097_Wellen.txt.tsv
Hilmar,119,DEU097_Wellen.txt.tsv
Lolo,93,DEU097_Wellen.txt.tsv
Knospelius,54,DEU097_Wellen.txt.tsv
Agnes,51,DEU097_Wellen.txt.tsv
Frau von Buttlär,49,DEU097_Wellen.txt.tsv
Fräulein Bork,40,DEU097_Wellen.txt.tsv
Wedig,29,DEU097_Wellen.txt.tsv
Nini,24,DEU097_Wellen.txt.tsv
Hans Grill,23,DEU097_Wellen.txt.tsv
Baron Buttlär,18,DEU097_Wellen.txt.tsv
Ernestine,14,DEU097_Wellen.txt.tsv
Stibbe,14,DEU097_Wellen.txt.tsv
Hansen,12,DEU097_Wellen.txt.tsv
Bella,11,DEU097_Wellen.txt.tsv
Doralicen,11,DEU097_Wellen.txt.tsv
Baronin Buttlär,10,DEU097_Wellen.txt.tsv
Wardein,10,DEU097_Wellen.txt.tsv
Malwine,9,DEU097_Wellen.txt.tsv
Klaus,9,DEU097_Wellen.txt.tsv
Herr von Buttlär,8,DEU097_Wellen.txt.tsv
Buttlär,7,DEU097_Wellen.txt.tsv
Geheimrat Knospelius,6,DEU097_Wellen.txt.tsv
Madame Grill,6,DEU097_Wellen.txt.tsv
Mutter Wardein,6,DEU097_Wellen.txt.tsv
Lolos,5,DEU097_Wellen.txt.tsv
Andree,5,DEU097_Wellen.txt.tsv
Frau Klinke,3,DEU097_Wellen.txt.tsv
Frau Grill,3,DEU097_Wellen.txt.tsv
Agne,3,DEU097_Wellen.txt.tsv
Herr Grill,3,DEU097_Wellen.txt.tsv
Karo,3,DEU097_Wellen.txt.tsv
-,3,DEU097_Wellen.txt.tsv
wedig,3,DEU097_Wellen.txt.tsv
Mathie,3,DEU097_Wellen.txt.tsv
Thomas,3,DEU097_Wellen.txt.tsv
Mathies,3,DEU097_Wellen.txt.tsv
Baron Hamm,3,DEU097_Wellen.txt.tsv
Fischer Stibbe,3,DEU097_Wellen.txt.tsv
Gräfin Doralice,2,DEU097_Wellen.txt.tsv
Rolf,2,DEU097_Wellen.txt.tsv
Geheimrat von Knospelius,2,DEU097_Wellen.txt.tsv
Herr Maler,2,DEU097_Wellen.txt.tsv
Karoline,2,DEU097_Wellen.txt.tsv
Andree Stibbe,2,DEU097_Wellen.txt.tsv
Ehepaar Grill,2,DEU097_Wellen.txt.tsv
Müller,2,DEU097_Wellen.txt.tsv
Graf Kohn,2,DEU097_Wellen.txt.tsv
Fischer Steege,2,DEU097_Wellen.txt.tsv
Steeges,2,DEU097_Wellen.txt.tsv
Doralices,2,DEU097_Wellen.txt.tsv
Steege,2,DEU097_Wellen.txt.tsv
Generalin von Palikow,1,DEU097_Wellen.txt.tsv
Fräulein Malwine Bork,1,DEU097_Wellen.txt.tsv
Baronin von Buttlär,1,DEU097_Wellen.txt.tsv
Mädchen Lolo,1,DEU097_Wellen.txt.tsv
Bräutigam Hilmar von der Hamm,1,DEU097_Wellen.txt.tsv
Fischer Wardein,1,DEU097_Wellen.txt.tsv
Doralice Köhne-Jasky,1,DEU097_Wellen.txt.tsv
doralic Kohn,1,DEU097_Wellen.txt.tsv
Kohn,1,DEU097_Wellen.txt.tsv
Freifrau von Buttlär,1,DEU097_Wellen.txt.tsv
Palikow,1,DEU097_Wellen.txt.tsv
Grafen Köhne-Jasky,1,DEU097_Wellen.txt.tsv
Doralicens,1,DEU097_Wellen.txt.tsv
Gräfin Jasky,1,DEU097_Wellen.txt.tsv
Graf Köhne,1,DEU097_Wellen.txt.tsv
Köhne-Jasky,1,DEU097_Wellen.txt.tsv
Generalin Palikow,1,DEU097_Wellen.txt.tsv
Grill,1,DEU097_Wellen.txt.tsv
Miß Plummer,1,DEU097_Wellen.txt.tsv
Hans grillsche,1,DEU097_Wellen.txt.tsv
Geheimrat Hans,1,DEU097_Wellen.txt.tsv
Frau von Lossow,1,DEU097_Wellen.txt.tsv
Doktor Krapp,1,DEU097_Wellen.txt.tsv
wir Lossow,1,DEU097_Wellen.txt.tsv
Hans Doralice,1,DEU097_Wellen.txt.tsv
Leutnant Hilmar,1,DEU097_Wellen.txt.tsv
Onkel General,1,DEU097_Wellen.txt.tsv
Hamm,1,DEU097_Wellen.txt.tsv
Asra,1,DEU097_Wellen.txt.tsv
Gräfin Köhne,1,DEU097_Wellen.txt.tsv
Gräfin Benedikte,1,DEU097_Wellen.txt.tsv
Exzellenz Knospelius,1,DEU097_Wellen.txt.tsv
Leutnant von Hamm,1,DEU097_Wellen.txt.tsv
Ninis,1,DEU097_Wellen.txt.tsv
Raffael,1,DEU097_Wellen.txt.tsv
Agnese,1,DEU097_Wellen.txt.tsv
Baronin Marowitz,1,DEU097_Wellen.txt.tsv
Gräfin Patky,1,DEU097_Wellen.txt.tsv
doralice,1,DEU097_Wellen.txt.tsv
Bork,1,DEU097_Wellen.txt.tsv
<ood>,1,DEU097_Wellen.txt.tsv
Ernestinen,1,DEU097_Wellen.txt.tsv
Großmutter Wardein,1,DEU097_Wellen.txt.tsv
Matthies,1,DEU097_Wellen.txt.tsv
Gräfin Kohn,1,DEU097_Wellen.txt.tsv
Hilmar Doralice,1,DEU097_Wellen.txt.tsv
Mamsell,1,DEU097_Wellen.txt.tsv
Hans,555,DEU038_Der_Hungerpastor.txt.tsv
Hans Unwirrsch,289,DEU038_Der_Hungerpastor.txt.tsv
Kleophea,113,DEU038_Der_Hungerpastor.txt.tsv
Moses Freudenstein,89,DEU038_Der_Hungerpastor.txt.tsv
Franziska,77,DEU038_Der_Hungerpastor.txt.tsv
Moses,73,DEU038_Der_Hungerpastor.txt.tsv
Oheim Grünebaum,70,DEU038_Der_Hungerpastor.txt.tsv
Fränzchen,39,DEU038_Der_Hungerpastor.txt.tsv
Mose,38,DEU038_Der_Hungerpastor.txt.tsv
Leutnant Götz,38,DEU038_Der_Hungerpastor.txt.tsv
Jean,36,DEU038_Der_Hungerpastor.txt.tsv
Doktor Theophile Stein,32,DEU038_Der_Hungerpastor.txt.tsv
Leutnant Rudolf Götz,29,DEU038_Der_Hungerpastor.txt.tsv
Theophile,27,DEU038_Der_Hungerpastor.txt.tsv
Doktor Stein,27,DEU038_Der_Hungerpastor.txt.tsv
Onkel Rudolf,26,DEU038_Der_Hungerpastor.txt.tsv
Base Schlotterbeck,24,DEU038_Der_Hungerpastor.txt.tsv
Frau Christine,24,DEU038_Der_Hungerpastor.txt.tsv
Johannes,23,DEU038_Der_Hungerpastor.txt.tsv
Grips,23,DEU038_Der_Hungerpastor.txt.tsv
Franziska Götz,22,DEU038_Der_Hungerpastor.txt.tsv
Aimé,22,DEU038_Der_Hungerpastor.txt.tsv
Samuel Freudenstein,21,DEU038_Der_Hungerpastor.txt.tsv
Theodor,21,DEU038_Der_Hungerpastor.txt.tsv
Felix,20,DEU038_Der_Hungerpastor.txt.tsv
Henriette Trublet,20,DEU038_Der_Hungerpastor.txt.tsv
Kandidat Unwirrsch,19,DEU038_Der_Hungerpastor.txt.tsv
Rat Götz,19,DEU038_Der_Hungerpastor.txt.tsv
Leutnant Rudolf,19,DEU038_Der_Hungerpastor.txt.tsv
Meister Grünebaum,18,DEU038_Der_Hungerpastor.txt.tsv
Anton,17,DEU038_Der_Hungerpastor.txt.tsv
Johannes Unwirrsch,17,DEU038_Der_Hungerpastor.txt.tsv
Doktor Theophile,17,DEU038_Der_Hungerpastor.txt.tsv
Pastor Tillenius,16,DEU038_Der_Hungerpastor.txt.tsv
Meister Anton,15,DEU038_Der_Hungerpastor.txt.tsv
Sophie,15,DEU038_Der_Hungerpastor.txt.tsv
Herr Unwirrsch,15,DEU038_Der_Hungerpastor.txt.tsv
Henriette,15,DEU038_Der_Hungerpastor.txt.tsv
<ood>,14,DEU038_Der_Hungerpastor.txt.tsv
-,13,DEU038_Der_Hungerpastor.txt.tsv
Gott,13,DEU038_Der_Hungerpastor.txt.tsv
Esther,13,DEU038_Der_Hungerpastor.txt.tsv
Professor Fackler,13,DEU038_Der_Hungerpastor.txt.tsv
Mose Freudenstein,12,DEU038_Der_Hungerpastor.txt.tsv
Han,11,DEU038_Der_Hungerpastor.txt.tsv
Rudolf,11,DEU038_Der_Hungerpastor.txt.tsv
Kleophea Götz,11,DEU038_Der_Hungerpastor.txt.tsv
Anton Unwirrsch,10,DEU038_Der_Hungerpastor.txt.tsv
Hansen,10,DEU038_Der_Hungerpastor.txt.tsv
Samuel,10,DEU038_Der_Hungerpastor.txt.tsv
Fränzchen Götz,10,DEU038_Der_Hungerpastor.txt.tsv
Josias Tillenius,10,DEU038_Der_Hungerpastor.txt.tsv
Frau Brandauer,10,DEU038_Der_Hungerpastor.txt.tsv
Meister Anton Unwirrsch,8,DEU038_Der_Hungerpastor.txt.tsv
Oheim Nikolaus Grünebaum,8,DEU038_Der_Hungerpastor.txt.tsv
Theophile Stein,8,DEU038_Der_Hungerpastor.txt.tsv
Kandidat Hans Unwirrsch,8,DEU038_Der_Hungerpastor.txt.tsv
Professor Blüthemüller,8,DEU038_Der_Hungerpastor.txt.tsv
Onkel Theodor,8,DEU038_Der_Hungerpastor.txt.tsv
Grip,8,DEU038_Der_Hungerpastor.txt.tsv
Ehrn Josias Tillenius,8,DEU038_Der_Hungerpastor.txt.tsv
Grünebaum,7,DEU038_Der_Hungerpastor.txt.tsv
Vater Samuel,7,DEU038_Der_Hungerpastor.txt.tsv
Götz,7,DEU038_Der_Hungerpastor.txt.tsv
Herr Leutnant Götz,7,DEU038_Der_Hungerpastor.txt.tsv
geheim Rätin Götz,7,DEU038_Der_Hungerpastor.txt.tsv
Fräulein Franziska,7,DEU038_Der_Hungerpastor.txt.tsv
Mos,6,DEU038_Der_Hungerpastor.txt.tsv
Base,6,DEU038_Der_Hungerpastor.txt.tsv
von Lichtenhahn,6,DEU038_Der_Hungerpastor.txt.tsv
Theophil,6,DEU038_Der_Hungerpastor.txt.tsv
Grunzenow,6,DEU038_Der_Hungerpastor.txt.tsv
Frau Tiebus,5,DEU038_Der_Hungerpastor.txt.tsv
Niklas,5,DEU038_Der_Hungerpastor.txt.tsv
Lehrer Silberlöffel,5,DEU038_Der_Hungerpastor.txt.tsv
Trödler Samuel Freudenstein,5,DEU038_Der_Hungerpastor.txt.tsv
Jungfer Schlotterbeck,5,DEU038_Der_Hungerpastor.txt.tsv
Christine,5,DEU038_Der_Hungerpastor.txt.tsv
Christine Unwirrsch,5,DEU038_Der_Hungerpastor.txt.tsv
Professor Vogelsang,5,DEU038_Der_Hungerpastor.txt.tsv
Oberst von Bullau,5,DEU038_Der_Hungerpastor.txt.tsv
Fräulein Kleophea,5,DEU038_Der_Hungerpastor.txt.tsv
Lämmert,5,DEU038_Der_Hungerpastor.txt.tsv
Pastor Josias Tillenius,5,DEU038_Der_Hungerpastor.txt.tsv
Schwager Grünebaum,4,DEU038_Der_Hungerpastor.txt.tsv
Frau Christine Unwirrsch,4,DEU038_Der_Hungerpastor.txt.tsv
Niklas Grünebaum,4,DEU038_Der_Hungerpastor.txt.tsv
Karl,4,DEU038_Der_Hungerpastor.txt.tsv
Nichte Franziska,4,DEU038_Der_Hungerpastor.txt.tsv
Herr von Holoch,4,DEU038_Der_Hungerpastor.txt.tsv
Herr Johannes Unwirrsch,4,DEU038_Der_Hungerpastor.txt.tsv
Rudolf Götz,4,DEU038_Der_Hungerpastor.txt.tsv
Felix Götz,4,DEU038_Der_Hungerpastor.txt.tsv
Bullau,4,DEU038_Der_Hungerpastor.txt.tsv
Kamerad Götz,4,DEU038_Der_Hungerpastor.txt.tsv
Tillenius,4,DEU038_Der_Hungerpastor.txt.tsv
Armand,4,DEU038_Der_Hungerpastor.txt.tsv
Meister Unwirrsch,3,DEU038_Der_Hungerpastor.txt.tsv
Meister Nikolaus Grünebaum,3,DEU038_Der_Hungerpastor.txt.tsv
Hans Jakob Nikolaus Unwirrsch,3,DEU038_Der_Hungerpastor.txt.tsv
Jenatsch,146,DEU032_Jürg_Jenatsch.txt.tsv
Lucretia,122,DEU032_Jürg_Jenatsch.txt.tsv
Waser,121,DEU032_Jürg_Jenatsch.txt.tsv
Jürg,67,DEU032_Jürg_Jenatsch.txt.tsv
Wertmüller,45,DEU032_Jürg_Jenatsch.txt.tsv
Rohan,36,DEU032_Jürg_Jenatsch.txt.tsv
Georg Jenatsch,30,DEU032_Jürg_Jenatsch.txt.tsv
Herr Pompejus,28,DEU032_Jürg_Jenatsch.txt.tsv
Fausch,28,DEU032_Jürg_Jenatsch.txt.tsv
Herr Waser,23,DEU032_Jürg_Jenatsch.txt.tsv
Lucas,22,DEU032_Jürg_Jenatsch.txt.tsv
Herzog Rohan,22,DEU032_Jürg_Jenatsch.txt.tsv
Grimani,20,DEU032_Jürg_Jenatsch.txt.tsv
Serbelloni,19,DEU032_Jürg_Jenatsch.txt.tsv
Jürg Jenatsch,18,DEU032_Jürg_Jenatsch.txt.tsv
Rudolf,18,DEU032_Jürg_Jenatsch.txt.tsv
Planta,16,DEU032_Jürg_Jenatsch.txt.tsv
Richelieu,15,DEU032_Jürg_Jenatsch.txt.tsv
Lucia,12,DEU032_Jürg_Jenatsch.txt.tsv
Pater Pancraz,11,DEU032_Jürg_Jenatsch.txt.tsv
Herzog Heinrich,10,DEU032_Jürg_Jenatsch.txt.tsv
Lecques,10,DEU032_Jürg_Jenatsch.txt.tsv
Semmler,9,DEU032_Jürg_Jenatsch.txt.tsv
Pancraz,9,DEU032_Jürg_Jenatsch.txt.tsv
Schwester Perpetua,9,DEU032_Jürg_Jenatsch.txt.tsv
Pompejus Planta,8,DEU032_Jürg_Jenatsch.txt.tsv
Agostino,8,DEU032_Jürg_Jenatsch.txt.tsv
Blasius Alexander,8,DEU032_Jürg_Jenatsch.txt.tsv
Georg,8,DEU032_Jürg_Jenatsch.txt.tsv
Hauptmann Jenatsch,8,DEU032_Jürg_Jenatsch.txt.tsv
oberer Jenatsch,8,DEU032_Jürg_Jenatsch.txt.tsv
Herzog Heinrich Rohan,7,DEU032_Jürg_Jenatsch.txt.tsv
Adjutant Wertmüller,6,DEU032_Jürg_Jenatsch.txt.tsv
Heinrich Rohan,6,DEU032_Jürg_Jenatsch.txt.tsv
Oberst Jenatsch,6,DEU032_Jürg_Jenatsch.txt.tsv
Priolo,6,DEU032_Jürg_Jenatsch.txt.tsv
Herr Fortunatus,6,DEU032_Jürg_Jenatsch.txt.tsv
Heinrich,5,DEU032_Jürg_Jenatsch.txt.tsv
Fräulein Lucretia,5,DEU032_Jürg_Jenatsch.txt.tsv
Alexander,5,DEU032_Jürg_Jenatsch.txt.tsv
Blasius,5,DEU032_Jürg_Jenatsch.txt.tsv
Pancrazi,5,DEU032_Jürg_Jenatsch.txt.tsv
Sprecher,5,DEU032_Jürg_Jenatsch.txt.tsv
Lucretia Planta,5,DEU032_Jürg_Jenatsch.txt.tsv
Pater Joseph,5,DEU032_Jürg_Jenatsch.txt.tsv
Fräulein Amantia,5,DEU032_Jürg_Jenatsch.txt.tsv
Bürgermeister Meyer,5,DEU032_Jürg_Jenatsch.txt.tsv
Heinrich Waser,4,DEU032_Jürg_Jenatsch.txt.tsv
Bünden,4,DEU032_Jürg_Jenatsch.txt.tsv
Lorenz Fausch,4,DEU032_Jürg_Jenatsch.txt.tsv
Tizian,4,DEU032_Jürg_Jenatsch.txt.tsv
Meister Lorenz,4,DEU032_Jürg_Jenatsch.txt.tsv
Provveditore Grimani,4,DEU032_Jürg_Jenatsch.txt.tsv
Signor Jenatsch,4,DEU032_Jürg_Jenatsch.txt.tsv
Rudolf Planta,4,DEU032_Jürg_Jenatsch.txt.tsv
Sennor,4,DEU032_Jürg_Jenatsch.txt.tsv
Guler,4,DEU032_Jürg_Jenatsch.txt.tsv
Herzog Serbelloni,4,DEU032_Jürg_Jenatsch.txt.tsv
Herzog Bernhard von Weimar,4,DEU032_Jürg_Jenatsch.txt.tsv
Herzog Bernhard,4,DEU032_Jürg_Jenatsch.txt.tsv
Amantia,4,DEU032_Jürg_Jenatsch.txt.tsv
-,3,DEU032_Jürg_Jenatsch.txt.tsv
Robustelli,3,DEU032_Jürg_Jenatsch.txt.tsv
Gott,3,DEU032_Jürg_Jenatsch.txt.tsv
Kuri,3,DEU032_Jürg_Jenatsch.txt.tsv
Vater Fausch,3,DEU032_Jürg_Jenatsch.txt.tsv
Vater Lorenz,3,DEU032_Jürg_Jenatsch.txt.tsv
Lorenz,3,DEU032_Jürg_Jenatsch.txt.tsv
Gustav Adolf,3,DEU032_Jürg_Jenatsch.txt.tsv
Gubernator Serbelloni,3,DEU032_Jürg_Jenatsch.txt.tsv
Herr Grison,3,DEU032_Jürg_Jenatsch.txt.tsv
heilig Dominikus,3,DEU032_Jürg_Jenatsch.txt.tsv
Perpetua,3,DEU032_Jürg_Jenatsch.txt.tsv
Ammann Müller,3,DEU032_Jürg_Jenatsch.txt.tsv
Meyer,3,DEU032_Jürg_Jenatsch.txt.tsv
Pfarrer Jenatsch,2,DEU032_Jürg_Jenatsch.txt.tsv
Herr Pompejus Planta,2,DEU032_Jürg_Jenatsch.txt.tsv
Maloja,2,DEU032_Jürg_Jenatsch.txt.tsv
fuenter,2,DEU032_Jürg_Jenatsch.txt.tsv
Heinrich IV.,2,DEU032_Jürg_Jenatsch.txt.tsv
Pancratius,2,DEU032_Jürg_Jenatsch.txt.tsv
Franziskus,2,DEU032_Jürg_Jenatsch.txt.tsv
Herr Blasius,2,DEU032_Jürg_Jenatsch.txt.tsv
Kuri Lehmann,2,DEU032_Jürg_Jenatsch.txt.tsv
Ritter Doktor Fortunatus Sprecher,2,DEU032_Jürg_Jenatsch.txt.tsv
Herr Fausch,2,DEU032_Jürg_Jenatsch.txt.tsv
Herr Wertmüller,2,DEU032_Jürg_Jenatsch.txt.tsv
Salis,2,DEU032_Jürg_Jenatsch.txt.tsv
Ruinell,2,DEU032_Jürg_Jenatsch.txt.tsv
Familie Pesaro,2,DEU032_Jürg_Jenatsch.txt.tsv
Madonna,2,DEU032_Jürg_Jenatsch.txt.tsv
St. Georg,2,DEU032_Jürg_Jenatsch.txt.tsv
Herr Rudolf,2,DEU032_Jürg_Jenatsch.txt.tsv
Judith,2,DEU032_Jürg_Jenatsch.txt.tsv
Grimanis,2,DEU032_Jürg_Jenatsch.txt.tsv
Magister Pamfilio Dolce,2,DEU032_Jürg_Jenatsch.txt.tsv
Donna Lucretia,2,DEU032_Jürg_Jenatsch.txt.tsv
Satan,2,DEU032_Jürg_Jenatsch.txt.tsv
Casutt,2,DEU032_Jürg_Jenatsch.txt.tsv
Lasnier,2,DEU032_Jürg_Jenatsch.txt.tsv
Moorfeld,711,DEU025_Der_Amerika_Müde.txt.tsv
Benthal,122,DEU025_Der_Amerika_Müde.txt.tsv
Anhorst,45,DEU025_Der_Amerika_Müde.txt.tsv
Bennet,36,DEU025_Der_Amerika_Müde.txt.tsv
Mr. Bennet,35,DEU025_Der_Amerika_Müde.txt.tsv
Herr Staunton,33,DEU025_Der_Amerika_Müde.txt.tsv
Frau v. Milde,32,DEU025_Der_Amerika_Müde.txt.tsv
Pauline,23,DEU025_Der_Amerika_Müde.txt.tsv
Annette,23,DEU025_Der_Amerika_Müde.txt.tsv
Theodor,22,DEU025_Der_Amerika_Müde.txt.tsv
Cöleste,21,DEU025_Der_Amerika_Müde.txt.tsv
Wogan,21,DEU025_Der_Amerika_Müde.txt.tsv
Howland,20,DEU025_Der_Amerika_Müde.txt.tsv
Mr. Mockingbird,16,DEU025_Der_Amerika_Müde.txt.tsv
Mr. Baine,15,DEU025_Der_Amerika_Müde.txt.tsv
Cölest,14,DEU025_Der_Amerika_Müde.txt.tsv
Doctor Althof,14,DEU025_Der_Amerika_Müde.txt.tsv
-,12,DEU025_Der_Amerika_Müde.txt.tsv
Jack,11,DEU025_Der_Amerika_Müde.txt.tsv
Mr. Livingstone,11,DEU025_Der_Amerika_Müde.txt.tsv
Mr. Wogan,11,DEU025_Der_Amerika_Müde.txt.tsv
Mr. Clahane,11,DEU025_Der_Amerika_Müde.txt.tsv
Henning,10,DEU025_Der_Amerika_Müde.txt.tsv
Herr Henning,10,DEU025_Der_Amerika_Müde.txt.tsv
Herr Benthal,10,DEU025_Der_Amerika_Müde.txt.tsv
John Stutering,10,DEU025_Der_Amerika_Müde.txt.tsv
Moorfelden,9,DEU025_Der_Amerika_Müde.txt.tsv
Jane Norwood,9,DEU025_Der_Amerika_Müde.txt.tsv
Frau Appendage,9,DEU025_Der_Amerika_Müde.txt.tsv
Herr Bennet,9,DEU025_Der_Amerika_Müde.txt.tsv
Mrs. Bennet,9,DEU025_Der_Amerika_Müde.txt.tsv
Mr. Howland,8,DEU025_Der_Amerika_Müde.txt.tsv
Dr. Channing,8,DEU025_Der_Amerika_Müde.txt.tsv
Martin,8,DEU025_Der_Amerika_Müde.txt.tsv
Lady Morgan,8,DEU025_Der_Amerika_Müde.txt.tsv
Jesus,8,DEU025_Der_Amerika_Müde.txt.tsv
Jackson,7,DEU025_Der_Amerika_Müde.txt.tsv
Byron,7,DEU025_Der_Amerika_Müde.txt.tsv
Poll,7,DEU025_Der_Amerika_Müde.txt.tsv
Mistreß Bennet,7,DEU025_Der_Amerika_Müde.txt.tsv
Cäsar,7,DEU025_Der_Amerika_Müde.txt.tsv
Mr. Gull,7,DEU025_Der_Amerika_Müde.txt.tsv
Hoby,6,DEU025_Der_Amerika_Müde.txt.tsv
Mr. Mockingbird's,6,DEU025_Der_Amerika_Müde.txt.tsv
Benjamin Ridge,6,DEU025_Der_Amerika_Müde.txt.tsv
Mr. Blackely,6,DEU025_Der_Amerika_Müde.txt.tsv
Herr Birk,6,DEU025_Der_Amerika_Müde.txt.tsv
Goethe,6,DEU025_Der_Amerika_Müde.txt.tsv
General Jackson,6,DEU025_Der_Amerika_Müde.txt.tsv
Omar,6,DEU025_Der_Amerika_Müde.txt.tsv
Girard,6,DEU025_Der_Amerika_Müde.txt.tsv
William,6,DEU025_Der_Amerika_Müde.txt.tsv
Meier,6,DEU025_Der_Amerika_Müde.txt.tsv
Doctor Moorfeld,5,DEU025_Der_Amerika_Müde.txt.tsv
Sarah,5,DEU025_Der_Amerika_Müde.txt.tsv
Sar,5,DEU025_Der_Amerika_Müde.txt.tsv
Herr Häberle,5,DEU025_Der_Amerika_Müde.txt.tsv
Gott,5,DEU025_Der_Amerika_Müde.txt.tsv
Malvine,5,DEU025_Der_Amerika_Müde.txt.tsv
Lord Ormond,5,DEU025_Der_Amerika_Müde.txt.tsv
Doctor Channing,5,DEU025_Der_Amerika_Müde.txt.tsv
Livingstone,5,DEU025_Der_Amerika_Müde.txt.tsv
Mr. Wood,5,DEU025_Der_Amerika_Müde.txt.tsv
Scipio,5,DEU025_Der_Amerika_Müde.txt.tsv
Mr. Cartwright,5,DEU025_Der_Amerika_Müde.txt.tsv
Mozart,5,DEU025_Der_Amerika_Müde.txt.tsv
da Ponte,5,DEU025_Der_Amerika_Müde.txt.tsv
Mr. Staunton,4,DEU025_Der_Amerika_Müde.txt.tsv
Daniel,4,DEU025_Der_Amerika_Müde.txt.tsv
John,4,DEU025_Der_Amerika_Müde.txt.tsv
Sir John,4,DEU025_Der_Amerika_Müde.txt.tsv
Hariet,4,DEU025_Der_Amerika_Müde.txt.tsv
Kapitän <ood>,4,DEU025_Der_Amerika_Müde.txt.tsv
Herr Eckerlein,4,DEU025_Der_Amerika_Müde.txt.tsv
Racine,4,DEU025_Der_Amerika_Müde.txt.tsv
Bruder Jonathan,4,DEU025_Der_Amerika_Müde.txt.tsv
Moorfelde,4,DEU025_Der_Amerika_Müde.txt.tsv
Härriett,4,DEU025_Der_Amerika_Müde.txt.tsv
Tschanni,4,DEU025_Der_Amerika_Müde.txt.tsv
Stutering,4,DEU025_Der_Amerika_Müde.txt.tsv
Vater Ermar,4,DEU025_Der_Amerika_Müde.txt.tsv
Settchen,4,DEU025_Der_Amerika_Müde.txt.tsv
au Rest,4,DEU025_Der_Amerika_Müde.txt.tsv
Vronele,4,DEU025_Der_Amerika_Müde.txt.tsv
Dr. Moorfeld,3,DEU025_Der_Amerika_Müde.txt.tsv
Hr. Staunton,3,DEU025_Der_Amerika_Müde.txt.tsv
Staunton,3,DEU025_Der_Amerika_Müde.txt.tsv
Haus Staunton,3,DEU025_Der_Amerika_Müde.txt.tsv
Dr. Thompson,3,DEU025_Der_Amerika_Müde.txt.tsv
Kapitän Ebenezer <ood>,3,DEU025_Der_Amerika_Müde.txt.tsv
Magnolia,3,DEU025_Der_Amerika_Müde.txt.tsv
Bruder Henning,3,DEU025_Der_Amerika_Müde.txt.tsv
Herr Sallmann,3,DEU025_Der_Amerika_Müde.txt.tsv
Herr Bertling,3,DEU025_Der_Amerika_Müde.txt.tsv
Yankee,3,DEU025_Der_Amerika_Müde.txt.tsv
Homer,3,DEU025_Der_Amerika_Müde.txt.tsv
Shakespeare,3,DEU025_Der_Amerika_Müde.txt.tsv
Faust,3,DEU025_Der_Amerika_Müde.txt.tsv
Werther,3,DEU025_Der_Amerika_Müde.txt.tsv
Mr. Bennet's,3,DEU025_Der_Amerika_Müde.txt.tsv
Caspar,1282,DEU076_Caspar_Hauser.txt.tsv
Quandt,319,DEU076_Caspar_Hauser.txt.tsv
Daumer,258,DEU076_Caspar_Hauser.txt.tsv
Stanhope,144,DEU076_Caspar_Hauser.txt.tsv
Hickel,134,DEU076_Caspar_Hauser.txt.tsv
Herr von Tucher,131,DEU076_Caspar_Hauser.txt.tsv
Hauser,92,DEU076_Caspar_Hauser.txt.tsv
Feuerbach,82,DEU076_Caspar_Hauser.txt.tsv
Frau Behold,61,DEU076_Caspar_Hauser.txt.tsv
Frau von Imhoff,60,DEU076_Caspar_Hauser.txt.tsv
Caspar Hauser,57,DEU076_Caspar_Hauser.txt.tsv
Frau von Kannawurf,50,DEU076_Caspar_Hauser.txt.tsv
Schildknecht,33,DEU076_Caspar_Hauser.txt.tsv
Clara,32,DEU076_Caspar_Hauser.txt.tsv
Anna,31,DEU076_Caspar_Hauser.txt.tsv
Hill,28,DEU076_Caspar_Hauser.txt.tsv
Gott,22,DEU076_Caspar_Hauser.txt.tsv
Lord Stanhope,21,DEU076_Caspar_Hauser.txt.tsv
Hofrat Hofmann,18,DEU076_Caspar_Hauser.txt.tsv
Professor Daumer,16,DEU076_Caspar_Hauser.txt.tsv
Präsident Feuerbach,15,DEU076_Caspar_Hauser.txt.tsv
Herr Binder,13,DEU076_Caspar_Hauser.txt.tsv
Pfarrer Fuhrmann,13,DEU076_Caspar_Hauser.txt.tsv
Herr Hickel,12,DEU076_Caspar_Hauser.txt.tsv
Henriette,12,DEU076_Caspar_Hauser.txt.tsv
Binder,11,DEU076_Caspar_Hauser.txt.tsv
Frau Daumer,10,DEU076_Caspar_Hauser.txt.tsv
Bürgermeister Binder,9,DEU076_Caspar_Hauser.txt.tsv
Lehrer Quandt,9,DEU076_Caspar_Hauser.txt.tsv
Herr von Wessenig,8,DEU076_Caspar_Hauser.txt.tsv
Graf Stanhope,8,DEU076_Caspar_Hauser.txt.tsv
Herr von Imhoff,8,DEU076_Caspar_Hauser.txt.tsv
Joseph,8,DEU076_Caspar_Hauser.txt.tsv
Herr von Feuerbach,7,DEU076_Caspar_Hauser.txt.tsv
Direktor Wurm,7,DEU076_Caspar_Hauser.txt.tsv
Herr Quandt,7,DEU076_Caspar_Hauser.txt.tsv
Frau Quandt,7,DEU076_Caspar_Hauser.txt.tsv
Baron Tucher,6,DEU076_Caspar_Hauser.txt.tsv
Kandidat Regulein,6,DEU076_Caspar_Hauser.txt.tsv
Herr Daumer,6,DEU076_Caspar_Hauser.txt.tsv
Polizeileutnant Hickel,6,DEU076_Caspar_Hauser.txt.tsv
Mylord,6,DEU076_Caspar_Hauser.txt.tsv
Rittmeister Wessenig,5,DEU076_Caspar_Hauser.txt.tsv
Caspars,5,DEU076_Caspar_Hauser.txt.tsv
Heinrich,5,DEU076_Caspar_Hauser.txt.tsv
Grafen Stanhope,5,DEU076_Caspar_Hauser.txt.tsv
Jette,5,DEU076_Caspar_Hauser.txt.tsv
Imhoff,5,DEU076_Caspar_Hauser.txt.tsv
Fräulein von Stichaner,5,DEU076_Caspar_Hauser.txt.tsv
Bind,4,DEU076_Caspar_Hauser.txt.tsv
Anna Daumer,4,DEU076_Caspar_Hauser.txt.tsv
Magistratsrätin Behold,4,DEU076_Caspar_Hauser.txt.tsv
Archivdirektor Wurm,4,DEU076_Caspar_Hauser.txt.tsv
Pfisterle,4,DEU076_Caspar_Hauser.txt.tsv
Herr Graf,4,DEU076_Caspar_Hauser.txt.tsv
Dillmann,4,DEU076_Caspar_Hauser.txt.tsv
Gefängniswärter Hill,3,DEU076_Caspar_Hauser.txt.tsv
Magistratsrat Behold,3,DEU076_Caspar_Hauser.txt.tsv
Freiherr von Tucher,3,DEU076_Caspar_Hauser.txt.tsv
Exzellenz Feuerbach,3,DEU076_Caspar_Hauser.txt.tsv
Regierungspräsident Mieg,3,DEU076_Caspar_Hauser.txt.tsv
Herr Behold,3,DEU076_Caspar_Hauser.txt.tsv
Herr Gemahl,3,DEU076_Caspar_Hauser.txt.tsv
Schwester Anna,3,DEU076_Caspar_Hauser.txt.tsv
Clara von Kannawurf,3,DEU076_Caspar_Hauser.txt.tsv
schildknecht,3,DEU076_Caspar_Hauser.txt.tsv
Bettine,3,DEU076_Caspar_Hauser.txt.tsv
Doktor Lang,3,DEU076_Caspar_Hauser.txt.tsv
Friedrich,2,DEU076_Caspar_Hauser.txt.tsv
Staatsrat Feuerbach,2,DEU076_Caspar_Hauser.txt.tsv
Regierungsrat Hermann,2,DEU076_Caspar_Hauser.txt.tsv
Herr von Rumpler,2,DEU076_Caspar_Hauser.txt.tsv
Herr Rittmeister,2,DEU076_Caspar_Hauser.txt.tsv
Polizeirat Merker,2,DEU076_Caspar_Hauser.txt.tsv
Redaktor Pfisterle,2,DEU076_Caspar_Hauser.txt.tsv
Wurm,2,DEU076_Caspar_Hauser.txt.tsv
Redakteur Pfisterle,2,DEU076_Caspar_Hauser.txt.tsv
Behold,2,DEU076_Caspar_Hauser.txt.tsv
Herr Schmidt,2,DEU076_Caspar_Hauser.txt.tsv
Lord Chesterfield,2,DEU076_Caspar_Hauser.txt.tsv
Lord,2,DEU076_Caspar_Hauser.txt.tsv
-,2,DEU076_Caspar_Hauser.txt.tsv
Kaiser Napoleon,2,DEU076_Caspar_Hauser.txt.tsv
Ritter von Lang,2,DEU076_Caspar_Hauser.txt.tsv
Herr von F.,2,DEU076_Caspar_Hauser.txt.tsv
Anselm,2,DEU076_Caspar_Hauser.txt.tsv
Sohn Feuerbach,2,DEU076_Caspar_Hauser.txt.tsv
Soldat Schildknecht,2,DEU076_Caspar_Hauser.txt.tsv
Schreiber Dillmann,2,DEU076_Caspar_Hauser.txt.tsv
Dukatus,2,DEU076_Caspar_Hauser.txt.tsv
Schuster Weikmann,1,DEU076_Caspar_Hauser.txt.tsv
Gymnasialprofessor Daumer,1,DEU076_Caspar_Hauser.txt.tsv
Philister,1,DEU076_Caspar_Hauser.txt.tsv
Andre,1,DEU076_Caspar_Hauser.txt.tsv
du,1,DEU076_Caspar_Hauser.txt.tsv
Herr Rendant,1,DEU076_Caspar_Hauser.txt.tsv
Herr Major a. D.,1,DEU076_Caspar_Hauser.txt.tsv
Schneidermeister Bügelfleiß,1,DEU076_Caspar_Hauser.txt.tsv
Graf Rotstrumpf,1,DEU076_Caspar_Hauser.txt.tsv
Kanzleirätin zahnlos,1,DEU076_Caspar_Hauser.txt.tsv
